{"arrownotched": {"texCoords": [0.185546875, 0.001953125, 0.126953125, 0.001953125, 0.126953125, 0.060546875, 0.185546875, 0.060546875], "pivot": [0.0, 0.0], "texIdx": 0, "whRatio": 1.0}, "heart": {"texCoords": [0.123046875, 0.064453125, 0.064453125, 0.064453125, 0.064453125, 0.123046875, 0.123046875, 0.123046875], "pivot": [0.0, 0.0], "texIdx": 0, "whRatio": 1.0}, "arrowpentagon": {"texCoords": [0.248046875, 0.001953125, 0.189453125, 0.001953125, 0.189453125, 0.060546875, 0.248046875, 0.060546875], "pivot": [0.0, 0.0], "texIdx": 0, "whRatio": 1.0}, "righttriangle": {"texCoords": [0.248046875, 0.126953125, 0.189453125, 0.126953125, 0.189453125, 0.185546875, 0.248046875, 0.185546875], "pivot": [0.0, 0.0], "texIdx": 0, "whRatio": 1.0}, "triangle": {"texCoords": [0.185546875, 0.001953125, 0.126953125, 0.001953125, 0.126953125, 0.05269680172204971, 0.185546875, 0.05269680172204971], "pivot": [0.0, -0.166666666666666666], "texIdx": 1, "whRatio": 1.1547005220167499}, "star6pt": {"texCoords": [0.05269680172204971, 0.001953125, 0.001953125, 0.001953125, 0.001953125, 0.060546875, 0.05269680172204971, 0.060546875], "pivot": [0.0, 0.0], "texIdx": 1, "whRatio": 0.8660254160563151}, "star5ptround": {"texCoords": [0.24804654013132676, 0.18945312488358468, 0.18945288326358423, 0.18945312488358468, 0.18945288326358423, 0.24548756692092866, 0.24804654013132676, 0.24548756692092866], "pivot": [0.0, -0.04685376721256984], "texIdx": 0, "whRatio": 1.0456721747794504}, "arrowchevron": {"texCoords": [0.123046875, 0.001953125, 0.064453125, 0.001953125, 0.064453125, 0.060546875, 0.123046875, 0.060546875], "pivot": [0.0, 0.0], "texIdx": 0, "whRatio": 1.0}, "parallelogram": {"texCoords": [0.060546875, 0.126953125, 0.001953125, 0.126953125, 0.001953125, 0.185546875, 0.060546875, 0.185546875], "pivot": [0.0, 0.0], "texIdx": 0, "whRatio": 1.0}, "octagon": {"texCoords": [0.248046875, 0.064453125, 0.189453125, 0.064453125, 0.189453125, 0.123046875, 0.248046875, 0.123046875], "pivot": [0.0, 0.0], "texIdx": 0, "whRatio": 1.0}, "star3pt": {"texCoords": [0.060546875, 0.189453125, 0.001953125, 0.189453125, 0.001953125, 0.2401968017220497, 0.060546875, 0.2401968017220497], "pivot": [0.0, -0.166666666666666666], "texIdx": 0, "whRatio": 1.1547005220167499}, "star5pt": {"texCoords": [0.185546875, 0.189453125, 0.126953125, 0.189453125, 0.126953125, 0.24517909437417984, 0.185546875, 0.24517909437417984], "pivot": [0.0, -0.05278640450004202], "texIdx": 0, "whRatio": 1.0514621936240183}, "arrow": {"texCoords": [0.060546875, 0.001953125, 0.001953125, 0.001953125, 0.001953125, 0.060546875, 0.060546875, 0.060546875], "pivot": [0.0, 0.0], "texIdx": 0, "whRatio": 1.0}, "star4pt": {"texCoords": [0.123046875, 0.189453125, 0.064453125, 0.189453125, 0.064453125, 0.248046875, 0.123046875, 0.248046875], "pivot": [0.0, 0.0], "texIdx": 0, "whRatio": 1.0}, "trapezoid": {"texCoords": [0.123046875, 0.001953125, 0.064453125, 0.001953125, 0.064453125, 0.060546875, 0.123046875, 0.060546875], "pivot": [0.0, 0.0], "texIdx": 1, "whRatio": 1.0}, "hexagon": {"texCoords": [0.185546875, 0.064453125, 0.126953125, 0.064453125, 0.126953125, 0.11519680172204971, 0.185546875, 0.11519680172204971], "pivot": [0.0, 0.0], "texIdx": 0, "whRatio": 1.1547005220167499}, "pentagon": {"texCoords": [0.123046875, 0.126953125, 0.064453125, 0.126953125, 0.064453125, 0.18267909437417984, 0.123046875, 0.18267909437417984], "pivot": [0.0, -0.05278640450004202], "texIdx": 0, "whRatio": 1.0514621936240183}, "ellipse": {"texCoords": [0.060546875, 0.064453125, 0.001953125, 0.064453125, 0.001953125, 0.123046875, 0.060546875, 0.123046875], "pivot": [0.0, 0.0], "texIdx": 0, "whRatio": 1.0}, "rectangle": {"texCoords": [0.185546875, 0.126953125, 0.126953125, 0.126953125, 0.126953125, 0.185546875, 0.185546875, 0.185546875], "pivot": [0.0, 0.0], "texIdx": 0, "whRatio": 1.0}}