{"idxAdvPairs": {" ": [0, 0.22259983007646558], "$": [0, 0.5233644859813085], "(": [0, 0.2582837723024639], ",": [0, 0.173322005097706], "0": [0, 0.6040781648258284], "4": [0, 0.5021240441801189], "8": [0, 0.54035683942226], "<": [1, 0.4197111299915038], "@": [1, 0.8334749362786746], "D": [1, 0.665250637213254], "H": [1, 0.6737468139337298], "L": [1, 0.44519966015293116], "P": [1, 0.5700934579439252], "T": [2, 0.5454545454545454], "X": [2, 0.5751911639762107], "\\": [2, 0.27442650807136787], "`": [2, 0.2803738317757009], "d": [2, 0.5777400169923534], "h": [2, 0.5649957519116398], "l": [3, 0.2531860662701784], "p": [3, 0.5760407816482583], "t": [3, 0.3092608326253186], "x": [3, 0.45879354290569246], "|": [3, 0.21920135938827529], "#": [0, 0.6125743415463042], "'": [0, 0.16397621070518265], "+": [0, 0.4197111299915038], "/": [0, 0.27442650807136787], "3": [0, 0.4970263381478335], "7": [0, 0.481733220050977], ";": [1, 0.17502124044180117], "?": [1, 0.3670348343245539], "C": [1, 0.5938827527612573], "G": [1, 0.6389124893797791], "K": [1, 0.600679694137638], "O": [1, 0.6898895497026338], "S": [2, 0.5233644859813085], "W": [2, 1.0008496176720476], "[": [2, 0.27102803738317754], "_": [2, 0.475785896346644], "c": [2, 0.47748513169073914], "g": [2, 0.5420560747663551], "k": [3, 0.49447748513169076], "o": [3, 0.5276125743415463], "s": [3, 0.39082412914188613], "w": [3, 0.8215802888700086], "{": [3, 0.28802039082412917], "\"": [0, 0.28377230246389124], "&": [0, 0.556499575191164], "*": [0, 0.286321155480034], ".": [0, 0.17587085811384878], "2": [0, 0.49107901444350044], "6": [0, 0.5412064570943076], ":": [1, 0.17587085811384878], ">": [1, 0.4197111299915038], "B": [1, 0.6049277824978759], "F": [1, 0.4443500424808836], "J": [1, 0.4163126593033135], "N": [1, 0.6576040781648258], "R": [2, 0.6142735768903993], "V": [2, 0.5743415463041631], "Z": [2, 0.562446898895497], "^": [2, 0.44519966015293116], "b": [2, 0.5760407816482583], "f": [2, 0.2650807136788445], "j": [2, 0.22344944774851316], "n": [3, 0.5598980458793542], "r": [3, 0.32455395072217497], "v": [3, 0.4333050127442651], "z": [3, 0.4511469838572642], "~": [3, 0.4197111299915038], "!": [0, 0.17502124044180117], "%": [0, 0.8113848768054375], ")": [0, 0.2582837723024639], "-": [0, 0.3109600679694137], "1": [0, 0.3135089209855565], "5": [0, 0.5225148683092609], "9": [1, 0.5386576040781648], "=": [1, 0.4197111299915038], "A": [1, 0.6499575191163975], "E": [1, 0.49362786745964315], "I": [1, 0.40441801189464743], "M": [1, 1.0212404418011893], "Q": [1, 0.6898895497026338], "U": [2, 0.6576040781648258], "Y": [2, 0.627017841971113], "]": [2, 0.27102803738317754], "a": [2, 0.5717926932880204], "e": [2, 0.49107901444350044], "i": [2, 0.23279524214103653], "m": [3, 0.887000849617672], "q": [3, 0.5777400169923534], "u": [3, 0.5514018691588786], "y": [3, 0.5488530161427357], "}": [3, 0.28802039082412917]}, "pivot": [-0.44987255734919285, -0.326677994902294], "texCoords": {" ": [0.04931640625, 0.00048828125, 0.00048828125, 0.00048828125, 0.00048828125, 0.04931640625, 0.04931640625, 0.04931640625], "$": [0.24853515625, 0.00048828125, 0.19970703125, 0.00048828125, 0.19970703125, 0.04931640625, 0.24853515625, 0.04931640625], "(": [0.19873046875, 0.05029296875, 0.14990234375, 0.05029296875, 0.14990234375, 0.09912109375, 0.19873046875, 0.09912109375], ",": [0.14892578125, 0.10009765625, 0.10009765625, 0.10009765625, 0.10009765625, 0.14892578125, 0.14892578125, 0.14892578125], "0": [0.09912109375, 0.14990234375, 0.05029296875, 0.14990234375, 0.05029296875, 0.19873046875, 0.09912109375, 0.19873046875], "4": [0.04931640625, 0.19970703125, 0.00048828125, 0.19970703125, 0.00048828125, 0.24853515625, 0.04931640625, 0.24853515625], "8": [0.24853515625, 0.19970703125, 0.19970703125, 0.19970703125, 0.19970703125, 0.24853515625, 0.24853515625, 0.24853515625], "<": [0.19873046875, 0.00048828125, 0.14990234375, 0.00048828125, 0.14990234375, 0.04931640625, 0.19873046875, 0.04931640625], "@": [0.14892578125, 0.05029296875, 0.10009765625, 0.05029296875, 0.10009765625, 0.09912109375, 0.14892578125, 0.09912109375], "D": [0.09912109375, 0.10009765625, 0.05029296875, 0.10009765625, 0.05029296875, 0.14892578125, 0.09912109375, 0.14892578125], "H": [0.04931640625, 0.14990234375, 0.00048828125, 0.14990234375, 0.00048828125, 0.19873046875, 0.04931640625, 0.19873046875], "L": [0.24853515625, 0.14990234375, 0.19970703125, 0.14990234375, 0.19970703125, 0.19873046875, 0.24853515625, 0.19873046875], "P": [0.19873046875, 0.19970703125, 0.14990234375, 0.19970703125, 0.14990234375, 0.24853515625, 0.19873046875, 0.24853515625], "T": [0.14892578125, 0.00048828125, 0.10009765625, 0.00048828125, 0.10009765625, 0.04931640625, 0.14892578125, 0.04931640625], "X": [0.09912109375, 0.05029296875, 0.05029296875, 0.05029296875, 0.05029296875, 0.09912109375, 0.09912109375, 0.09912109375], "\\": [0.04931640625, 0.10009765625, 0.00048828125, 0.10009765625, 0.00048828125, 0.14892578125, 0.04931640625, 0.14892578125], "`": [0.24853515625, 0.10009765625, 0.19970703125, 0.10009765625, 0.19970703125, 0.14892578125, 0.24853515625, 0.14892578125], "d": [0.19873046875, 0.14990234375, 0.14990234375, 0.14990234375, 0.14990234375, 0.19873046875, 0.19873046875, 0.19873046875], "h": [0.14892578125, 0.19970703125, 0.10009765625, 0.19970703125, 0.10009765625, 0.24853515625, 0.14892578125, 0.24853515625], "l": [0.09912109375, 0.00048828125, 0.05029296875, 0.00048828125, 0.05029296875, 0.04931640625, 0.09912109375, 0.04931640625], "p": [0.04931640625, 0.05029296875, 0.00048828125, 0.05029296875, 0.00048828125, 0.09912109375, 0.04931640625, 0.09912109375], "t": [0.24853515625, 0.05029296875, 0.19970703125, 0.05029296875, 0.19970703125, 0.09912109375, 0.24853515625, 0.09912109375], "x": [0.19873046875, 0.10009765625, 0.14990234375, 0.10009765625, 0.14990234375, 0.14892578125, 0.19873046875, 0.14892578125], "|": [0.14892578125, 0.14990234375, 0.10009765625, 0.14990234375, 0.10009765625, 0.19873046875, 0.14892578125, 0.19873046875], "#": [0.19873046875, 0.00048828125, 0.14990234375, 0.00048828125, 0.14990234375, 0.04931640625, 0.19873046875, 0.04931640625], "'": [0.14892578125, 0.05029296875, 0.10009765625, 0.05029296875, 0.10009765625, 0.09912109375, 0.14892578125, 0.09912109375], "+": [0.09912109375, 0.10009765625, 0.05029296875, 0.10009765625, 0.05029296875, 0.14892578125, 0.09912109375, 0.14892578125], "/": [0.04931640625, 0.14990234375, 0.00048828125, 0.14990234375, 0.00048828125, 0.19873046875, 0.04931640625, 0.19873046875], "3": [0.24853515625, 0.14990234375, 0.19970703125, 0.14990234375, 0.19970703125, 0.19873046875, 0.24853515625, 0.19873046875], "7": [0.19873046875, 0.19970703125, 0.14990234375, 0.19970703125, 0.14990234375, 0.24853515625, 0.19873046875, 0.24853515625], ";": [0.14892578125, 0.00048828125, 0.10009765625, 0.00048828125, 0.10009765625, 0.04931640625, 0.14892578125, 0.04931640625], "?": [0.09912109375, 0.05029296875, 0.05029296875, 0.05029296875, 0.05029296875, 0.09912109375, 0.09912109375, 0.09912109375], "C": [0.04931640625, 0.10009765625, 0.00048828125, 0.10009765625, 0.00048828125, 0.14892578125, 0.04931640625, 0.14892578125], "G": [0.24853515625, 0.10009765625, 0.19970703125, 0.10009765625, 0.19970703125, 0.14892578125, 0.24853515625, 0.14892578125], "K": [0.19873046875, 0.14990234375, 0.14990234375, 0.14990234375, 0.14990234375, 0.19873046875, 0.19873046875, 0.19873046875], "O": [0.14892578125, 0.19970703125, 0.10009765625, 0.19970703125, 0.10009765625, 0.24853515625, 0.14892578125, 0.24853515625], "S": [0.09912109375, 0.00048828125, 0.05029296875, 0.00048828125, 0.05029296875, 0.04931640625, 0.09912109375, 0.04931640625], "W": [0.04931640625, 0.05029296875, 0.00048828125, 0.05029296875, 0.00048828125, 0.09912109375, 0.04931640625, 0.09912109375], "[": [0.24853515625, 0.05029296875, 0.19970703125, 0.05029296875, 0.19970703125, 0.09912109375, 0.24853515625, 0.09912109375],