{"idxAdvPairs": {" ": [0, 0.2375], "$": [0, 0.5035714285714286], "(": [0, 0.26071428571428573], ",": [0, 0.21964285714285714], "0": [0, 0.5035714285714286], "4": [0, 0.5035714285714286], "8": [0, 0.5035714285714286], "<": [1, 0.5035714285714286], "@": [1, 0.7745535714285714], "D": [1, 0.6089285714285715], "H": [1, 0.6200892857142857], "L": [1, 0.43348214285714287], "P": [1, 0.5174107142857143], "T": [2, 0.45535714285714285], "X": [2, 0.47455357142857146], "\\": [2, 0.3200892857142857], "`": [2, 0.5066964285714286], "d": [2, 0.5276785714285714], "h": [2, 0.5276785714285714], "l": [3, 0.23214285714285715], "p": [3, 0.5276785714285714], "t": [3, 0.29642857142857143], "x": [3, 0.4370535714285715], "|": [3, 0.5035714285714286], "#": [0, 0.590625], "'": [0, 0.19821428571428573], "+": [0, 0.5035714285714286], "/": [0, 0.3200892857142857], "3": [0, 0.5035714285714286], "7": [0, 0.5035714285714286], ";": [1, 0.23125], "?": [1, 0.3901785714285715], "C": [1, 0.5348214285714286], "G": [1, 0.61875], "K": [1, 0.509375], "O": [1, 0.6584821428571429], "S": [2, 0.45892857142857146], "W": [2, 0.7790178571428572], "[": [2, 0.26160714285714287], "_": [2, 0.36026785714285714], "c": [2, 0.41160714285714284], "g": [2, 0.4580357142857143], "k": [3, 0.4459821428571428], "o": [3, 0.5129464285714286], "s": [3, 0.39151785714285714], "w": [3, 0.655357142857143], "{": [3, 0.3191964285714286], "\"": [0, 0.353125], "&": [0, 0.6125], "*": [0, 0.5044642857142857], ".": [0, 0.23125], "2": [0, 0.5035714285714286], "6": [0, 0.5035714285714286], ":": [1, 0.23125], ">": [1, 0.5035714285714286], "B": [1, 0.546875], "F": [1, 0.4316964285714286], "J": [1, 0.24419642857142856], "N": [1, 0.6419642857142857], "R": [2, 0.5200892857142857], "V": [2, 0.5008928571428571], "Z": [2, 0.48526785714285714], "^": [2, 0.47276785714285713], "b": [2, 0.5276785714285714], "f": [2, 0.2861607142857143], "j": [2, 0.23214285714285715], "n": [3, 0.5276785714285714], "r": [3, 0.3620535714285715], "v": [3, 0.4223214285714286], "z": [3, 0.4058035714285715], "~": [3, 0.5035714285714286], "!": [0, 0.23660714285714285], "%": [0, 0.725], ")": [0, 0.26071428571428573], "-": [0, 0.28526785714285713], "1": [0, 0.5035714285714286], "5": [0, 0.5035714285714286], "9": [1, 0.5035714285714286], "=": [1, 0.5035714285714286], "A": [1, 0.5075892857142857], "E": [1, 0.4674107142857143], "I": [1, 0.24955357142857143], "M": [1, 0.7651785714285714], "Q": [1, 0.6584821428571429], "U": [2, 0.6178571428571429], "Y": [2, 0.4598214285714286], "]": [2, 0.26160714285714287], "a": [2, 0.5165178571428571], "e": [2, 0.45089285714285715], "i": [2, 0.23214285714285715], "m": [3, 0.7973214285714286], "q": [3, 0.5276785714285714], "u": [3, 0.5276785714285714], "y": [3, 0.4223214285714286], "}": [3, 0.3191964285714286]}, "pivot": [-0.3575892857142857, -0.27857142857142864], "texCoords": {" ": [0.04931640625, 0.00048828125, 0.00048828125, 0.00048828125, 0.00048828125, 0.04931640625, 0.04931640625, 0.04931640625], "$": [0.24853515625, 0.00048828125, 0.19970703125, 0.00048828125, 0.19970703125, 0.04931640625, 0.24853515625, 0.04931640625], "(": [0.19873046875, 0.05029296875, 0.14990234375, 0.05029296875, 0.14990234375, 0.09912109375, 0.19873046875, 0.09912109375], ",": [0.14892578125, 0.10009765625, 0.10009765625, 0.10009765625, 0.10009765625, 0.14892578125, 0.14892578125, 0.14892578125], "0": [0.09912109375, 0.14990234375, 0.05029296875, 0.14990234375, 0.05029296875, 0.19873046875, 0.09912109375, 0.19873046875], "4": [0.04931640625, 0.19970703125, 0.00048828125, 0.19970703125, 0.00048828125, 0.24853515625, 0.04931640625, 0.24853515625], "8": [0.24853515625, 0.19970703125, 0.19970703125, 0.19970703125, 0.19970703125, 0.24853515625, 0.24853515625, 0.24853515625], "<": [0.19873046875, 0.00048828125, 0.14990234375, 0.00048828125, 0.14990234375, 0.04931640625, 0.19873046875, 0.04931640625], "@": [0.14892578125, 0.05029296875, 0.10009765625, 0.05029296875, 0.10009765625, 0.09912109375, 0.14892578125, 0.09912109375], "D": [0.09912109375, 0.10009765625, 0.05029296875, 0.10009765625, 0.05029296875, 0.14892578125, 0.09912109375, 0.14892578125], "H": [0.04931640625, 0.14990234375, 0.00048828125, 0.14990234375, 0.00048828125, 0.19873046875, 0.04931640625, 0.19873046875], "L": [0.24853515625, 0.14990234375, 0.19970703125, 0.14990234375, 0.19970703125, 0.19873046875, 0.24853515625, 0.19873046875], "P": [0.19873046875, 0.19970703125, 0.14990234375, 0.19970703125, 0.14990234375, 0.24853515625, 0.19873046875, 0.24853515625], "T": [0.14892578125, 0.00048828125, 0.10009765625, 0.00048828125, 0.10009765625, 0.04931640625, 0.14892578125, 0.04931640625], "X": [0.09912109375, 0.05029296875, 0.05029296875, 0.05029296875, 0.05029296875, 0.09912109375, 0.09912109375, 0.09912109375], "\\": [0.04931640625, 0.10009765625, 0.00048828125, 0.10009765625, 0.00048828125, 0.14892578125, 0.04931640625, 0.14892578125], "`": [0.24853515625, 0.10009765625, 0.19970703125, 0.10009765625, 0.19970703125, 0.14892578125, 0.24853515625, 0.14892578125], "d": [0.19873046875, 0.14990234375, 0.14990234375, 0.14990234375, 0.14990234375, 0.19873046875, 0.19873046875, 0.19873046875], "h": [0.14892578125, 0.19970703125, 0.10009765625, 0.19970703125, 0.10009765625, 0.24853515625, 0.14892578125, 0.24853515625], "l": [0.09912109375, 0.00048828125, 0.05029296875, 0.00048828125, 0.05029296875, 0.04931640625, 0.09912109375, 0.04931640625], "p": [0.04931640625, 0.05029296875, 0.00048828125, 0.05029296875, 0.00048828125, 0.09912109375, 0.04931640625, 0.09912109375], "t": [0.24853515625, 0.05029296875, 0.19970703125, 0.05029296875, 0.19970703125, 0.09912109375, 0.24853515625, 0.09912109375], "x": [0.19873046875, 0.10009765625, 0.14990234375, 0.10009765625, 0.14990234375, 0.14892578125, 0.19873046875, 0.14892578125], "|": [0.14892578125, 0.14990234375, 0.10009765625, 0.14990234375, 0.10009765625, 0.19873046875, 0.14892578125, 0.19873046875], "#": [0.19873046875, 0.00048828125, 0.14990234375, 0.00048828125, 0.14990234375, 0.04931640625, 0.19873046875, 0.04931640625], "'": [0.14892578125, 0.05029296875, 0.10009765625, 0.05029296875, 0.10009765625, 0.09912109375, 0.14892578125, 0.09912109375], "+": [0.09912109375, 0.10009765625, 0.05029296875, 0.10009765625, 0.05029296875, 0.14892578125, 0.09912109375, 0.14892578125], "/": [0.04931640625, 0.14990234375, 0.00048828125, 0.14990234375, 0.00048828125, 0.19873046875, 0.04931640625, 0.19873046875], "3": [0.24853515625, 0.14990234375, 0.19970703125, 0.14990234375, 0.19970703125, 0.19873046875, 0.24853515625, 0.19873046875], "7": [0.19873046875, 0.19970703125, 0.14990234375, 0.19970703125, 0.14990234375, 0.24853515625, 0.19873046875, 0.24853515625], ";": [0.14892578125, 0.00048828125, 0.10009765625, 0.00048828125, 0.10009765625, 0.04931640625, 0.14892578125, 0.04931640625], "?": [0.09912109375, 0.05029296875, 0.05029296875, 0.05029296875, 0.05029296875, 0.09912109375, 0.09912109375, 0.09912109375], "C": [0.04931640625, 0.10009765625, 0.00048828125, 0.10009765625, 0.00048828125, 0.14892578125, 0.04931640625, 0.14892578125], "G": [0.24853515625, 0.10009765625, 0.19970703125, 0.10009765625, 0.19970703125, 0.14892578125, 0.24853515625, 0.14892578125], "K": [0.19873046875, 0.14990234375, 0.14990234375, 0.14990234375, 0.14990234375, 0.19873046875, 0.19873046875, 0.19873046875], "O": [0.14892578125, 0.19970703125, 0.10009765625, 0.19970703125, 0.10009765625, 0.24853515625, 0.14892578125, 0.24853515625], "S": [0.09912109375, 0.00048828125, 0.05029296875, 0.00048828125, 0.05029296875, 0.04931640625, 0.09912109375, 0.04931640625], "W": [0.04931640625, 0.05029296875, 0.00048828125, 0.05029296875, 0.00048828125, 0.09912109375, 0.04931640625, 0.09912109375], "[": [0.24853515625, 0.05029296875, 0.19970703125, 0.05029296875, 0.19970703125, 0.09912109375, 0.24853515625, 0.09912109375], "_": [0.19873046875, 0.10009765625, 0.14990234375, 0.10009765625, 0.14990234375, 0.14892578125, 0.19873046875, 0.14892578125],