{"idxAdvPairs": {" ": [0, 0.23825363825363827], "$": [0, 0.5696465696465697], "(": [0, 0.3783783783783784], ",": [0, 0.28523908523908525], "0": [0, 0.5600831600831601], "4": [0, 0.5667359667359668], "8": [0, 0.5517671517671517], "<": [1, 0.5696465696465697], "@": [1, 0.9226611226611228], "D": [1, 0.6519750519750519], "H": [1, 0.7135135135135136], "L": [1, 0.5451143451143452], "P": [1, 0.565904365904366], "T": [2, 0.60997920997921], "X": [2, 0.6153846153846154], "\\": [2, 0.36673596673596676], "`": [2, 0.2831600831600832], "d": [2, 0.5351351351351351], "h": [2, 0.5771309771309772], "l": [3, 0.29272349272349274], "p": [3, 0.5446985446985447], "t": [3, 0.34760914760914763], "x": [3, 0.5168399168399168], "|": [3, 0.3596673596673597], "#": [0, 0.6332640332640334], "'": [0, 0.3093555093555094], "+": [0, 0.5625779625779626], "/": [0, 0.36673596673596676], "3": [0, 0.47983367983367986], "7": [0, 0.4943866943866944], ";": [1, 0.29064449064449066], "?": [1, 0.4324324324324324], "C": [1, 0.5617463617463617], "G": [1, 0.6365904365904366], "K": [1, 0.6407484407484408], "O": [1, 0.6212058212058212], "S": [2, 0.5160083160083161], "W": [2, 0.8711018711018711], "[": [2, 0.3634095634095635], "_": [2, 0.7114345114345114], "c": [2, 0.4415800415800416], "g": [2, 0.5372141372141372], "k": [3, 0.5517671517671517], "o": [3, 0.5168399168399168], "s": [3, 0.4490644490644491], "w": [3, 0.7293139293139294], "{": [3, 0.4403326403326403], "\"": [0, 0.5430353430353431], "&": [0, 0.6507276507276508], "*": [0, 0.5642411642411642], ".": [0, 0.27775467775467777], "2": [0, 0.5147609147609148], "6": [0, 0.5696465696465697], ":": [1, 0.29064449064449066], ">": [1, 0.5696465696465697], "B": [1, 0.604989604989605], "F": [1, 0.5309771309771311], "J": [1, 0.33555093555093557], "N": [1, 0.6852390852390853], "R": [2, 0.6178794178794179], "V": [2, 0.5920997920997921], "Z": [2, 0.5600831600831601], "^": [2, 0.5667359667359668], "b": [2, 0.5293139293139294], "f": [2, 0.35384615384615387], "j": [2, 0.28814968814968817], "n": [3, 0.5900207900207901], "r": [3, 0.40623700623700626], "v": [3, 0.488981288981289], "z": [3, 0.4785862785862786], "~": [3, 0.5937629937629938], "!": [0, 0.2997920997920998], "%": [0, 0.9085239085239085], ")": [0, 0.3783783783783784], "-": [0, 0.5430353430353431], "1": [0, 0.3912681912681913], "5": [0, 0.5251559251559251], "9": [1, 0.5642411642411642], "=": [1, 0.555925155925156], "A": [1, 0.6], "E": [1, 0.5600831600831601], "I": [1, 0.35343035343035345], "M": [1, 0.8765072765072766], "Q": [1, 0.6257796257796258], "U": [2, 0.6316008316008316], "Y": [2, 0.5617463617463617], "]": [2, 0.3634095634095635], "a": [2, 0.4827442827442827], "e": [2, 0.4694386694386694], "i": [2, 0.2997920997920998], "m": [3, 0.8740124740124741], "q": [3, 0.5251559251559251], "u": [3, 0.5505197505197506], "y": [3, 0.49022869022869026], "}": [3, 0.4403326403326403]}, "pivot": [-0.4821205821205821, -0.27047817047817047], "texCoords": {" ": [0.04931640625, 0.00048828125, 0.00048828125, 0.00048828125, 0.00048828125, 0.04931640625, 0.04931640625, 0.04931640625], "$": [0.24853515625, 0.00048828125, 0.19970703125, 0.00048828125, 0.19970703125, 0.04931640625, 0.24853515625, 0.04931640625], "(": [0.19873046875, 0.05029296875, 0.14990234375, 0.05029296875, 0.14990234375, 0.09912109375, 0.19873046875, 0.09912109375], ",": [0.14892578125, 0.10009765625, 0.10009765625, 0.10009765625, 0.10009765625, 0.14892578125, 0.14892578125, 0.14892578125], "0": [0.09912109375, 0.14990234375, 0.05029296875, 0.14990234375, 0.05029296875, 0.19873046875, 0.09912109375, 0.19873046875], "4": [0.04931640625, 0.19970703125, 0.00048828125, 0.19970703125, 0.00048828125, 0.24853515625, 0.04931640625, 0.24853515625], "8": [0.24853515625, 0.19970703125, 0.19970703125, 0.19970703125, 0.19970703125, 0.24853515625, 0.24853515625, 0.24853515625], "<": [0.19873046875, 0.00048828125, 0.14990234375, 0.00048828125, 0.14990234375, 0.04931640625, 0.19873046875, 0.04931640625], "@": [0.14892578125, 0.05029296875, 0.10009765625, 0.05029296875, 0.10009765625, 0.09912109375, 0.14892578125, 0.09912109375], "D": [0.09912109375, 0.10009765625, 0.05029296875, 0.10009765625, 0.05029296875, 0.14892578125, 0.09912109375, 0.14892578125], "H": [0.04931640625, 0.14990234375, 0.00048828125, 0.14990234375, 0.00048828125, 0.19873046875, 0.04931640625, 0.19873046875], "L": [0.24853515625, 0.14990234375, 0.19970703125, 0.14990234375, 0.19970703125, 0.19873046875, 0.24853515625, 0.19873046875], "P": [0.19873046875, 0.19970703125, 0.14990234375, 0.19970703125, 0.14990234375, 0.24853515625, 0.19873046875, 0.24853515625], "T": [0.14892578125, 0.00048828125, 0.10009765625, 0.00048828125, 0.10009765625, 0.04931640625, 0.14892578125, 0.04931640625], "X": [0.09912109375, 0.05029296875, 0.05029296875, 0.05029296875, 0.05029296875, 0.09912109375, 0.09912109375, 0.09912109375], "\\": [0.04931640625, 0.10009765625, 0.00048828125, 0.10009765625, 0.00048828125, 0.14892578125, 0.04931640625, 0.14892578125], "`": [0.24853515625, 0.10009765625, 0.19970703125, 0.10009765625, 0.19970703125, 0.14892578125, 0.24853515625, 0.14892578125], "d": [0.19873046875, 0.14990234375, 0.14990234375, 0.14990234375, 0.14990234375, 0.19873046875, 0.19873046875, 0.19873046875], "h": [0.14892578125, 0.19970703125, 0.10009765625, 0.19970703125, 0.10009765625, 0.24853515625, 0.14892578125, 0.24853515625], "l": [0.09912109375, 0.00048828125, 0.05029296875, 0.00048828125, 0.05029296875, 0.04931640625, 0.09912109375, 0.04931640625], "p": [0.04931640625, 0.05029296875, 0.00048828125, 0.05029296875, 0.00048828125, 0.09912109375, 0.04931640625, 0.09912109375], "t": [0.24853515625, 0.05029296875, 0.19970703125, 0.05029296875, 0.19970703125, 0.09912109375, 0.24853515625, 0.09912109375], "x": [0.19873046875, 0.10009765625, 0.14990234375, 0.10009765625, 0.14990234375, 0.14892578125, 0.19873046875, 0.14892578125], "|": [0.14892578125, 0.14990234375, 0.10009765625, 0.14990234375, 0.10009765625, 0.19873046875, 0.14892578125, 0.19873046875], "#": [0.19873046875, 0.00048828125, 0.14990234375, 0.00048828125, 0.14990234375, 0.04931640625, 0.19873046875, 0.04931640625], "'": [0.14892578125, 0.05029296875, 0.10009765625, 0.05029296875, 0.10009765625, 0.09912109375, 0.14892578125, 0.09912109375], "+": [0.09912109375, 0.10009765625, 0.05029296875, 0.10009765625, 0.05029296875, 0.14892578125, 0.09912109375, 0.14892578125], "/": [0.04931640625, 0.14990234375, 0.00048828125, 0.14990234375, 0.00048828125, 0.19873046875, 0.04931640625, 0.19873046875], "3": [0.24853515625, 0.14990234375, 0.19970703125, 0.14990234375, 0.19970703125, 0.19873046875, 0.24853515625, 0.19873046875], "7": [0.19873046875, 0.19970703125, 0.14990234375, 0.19970703125, 0.14990234375, 0.24853515625, 0.19873046875, 0.24853515625], ";": [0.14892578125, 0.00048828125, 0.10009765625, 0.00048828125, 0.10009765625, 0.04931640625, 0.14892578125, 0.04931640625], "?": [0.09912109375, 0.05029296875, 0.05029296875, 0.05029296875, 0.05029296875, 0.09912109375, 0.09912109375, 0.09912109375], "C": [0.04931640625, 0.10009765625, 0.00048828125, 0.10009765625, 0.00048828125, 0.14892578125, 0.04931640625, 0.14892578125], "G": [0.24853515625, 0.10009765625, 0.19970703125, 0.10009765625, 0.19970703125, 0.14892578125, 0.24853515625, 0.14892578125], "K": [0.19873046875, 0.14990234375, 0.14990234375, 0.14990234375, 0.14990234375, 0.19873046875, 0.19873046875, 0.19873046875], "O": [0.14892578125, 0.19970703125, 0.10009765625, 0.19970703125, 0.10009765625, 0.24853515625, 0.14892578125, 0.24853515625], "S": [0.09912109375, 0.00048828125, 0.05029296875, 0.00048828125, 0.05029296875, 0.04931640625, 0.09912109375, 0.04931640625], "W": [0.04931640625, 0.05029296875, 0.00048828125, 0.05029296875, 0.00048828125, 0.09912109375, 0.04931640625, 0.09912109375], "[": [0.24853515625, 0.05029296875, 0.19970703125, 0.05029296875, 0.19970703125, 0.09912109375, 0.24853515625, 0.09912109375],