{"idxAdvPairs": {" ": [0, 0.22686567164179103], "$": [0, 0.4810234541577825], "(": [0, 0.29594882729211086], ",": [0, 0.24264392324093817], "0": [0, 0.4810234541577825], "4": [0, 0.4810234541577825], "8": [0, 0.4810234541577825], "<": [1, 0.4810234541577825], "@": [1, 0.7475479744136461], "D": [1, 0.591044776119403], "H": [1, 0.6115138592750533], "L": [1, 0.4524520255863539], "P": [1, 0.5066098081023455], "T": [2, 0.46353944562899785], "X": [2, 0.5292110874200426], "\\": [2, 0.367590618336887], "`": [2, 0.4840085287846482], "d": [2, 0.5189765458422175], "h": [2, 0.5275053304904052], "l": [3, 0.259275053304904], "p": [3, 0.5198294243070363], "t": [3, 0.3582089552238806], "x": [3, 0.46353944562899785], "|": [3, 0.4810234541577825], "#": [0, 0.564179104477612], "'": [0, 0.22260127931769724], "+": [0, 0.4810234541577825], "/": [0, 0.367590618336887], "3": [0, 0.4810234541577825], "7": [0, 0.4810234541577825], ";": [1, 0.2490405117270789], "?": [1, 0.40085287846481876], "C": [1, 0.5343283582089552], "G": [1, 0.6025586353944563], "K": [1, 0.5351812366737739], "O": [1, 0.6375266524520256], "S": [2, 0.4626865671641791], "W": [2, 0.7808102345415778], "[": [2, 0.28912579957356077], "_": [2, 0.3492537313432836], "c": [2, 0.42174840085287846], "g": [2, 0.47249466950959484], "k": [3, 0.49594882729211087], "o": [3, 0.5108742004264392], "s": [3, 0.41321961620469083], "w": [3, 0.6882729211087419], "{": [3, 0.31002132196162047], "\"": [0, 0.3957356076759062], "&": [0, 0.6183368869936033], "*": [0, 0.4759061833688699], ".": [0, 0.2490405117270789], "2": [0, 0.4810234541577825], "6": [0, 0.4810234541577825], ":": [1, 0.2490405117270789], ">": [1, 0.4810234541577825], "B": [1, 0.5415778251599147], "F": [1, 0.46353944562899785], "J": [1, 0.28912579957356077], "N": [1, 0.6592750533049041], "R": [2, 0.531769722814499], "V": [2, 0.5151385927505331], "Z": [2, 0.4682302771855011], "^": [2, 0.46098081023454157], "b": [2, 0.5198294243070363], "f": [2, 0.3257995735607676], "j": [2, 0.259275053304904], "n": [3, 0.5275053304904052], "r": [3, 0.367590618336887], "v": [3, 0.44733475479744134], "z": [3, 0.39744136460554375], "~": [3, 0.4810234541577825], "!": [0, 0.24989339019189763], "%": [0, 0.7475479744136461], ")": [0, 0.29594882729211086], "-": [0, 0.2810234541577825], "1": [0, 0.4810234541577825], "5": [0, 0.4810234541577825], "9": [1, 0.4810234541577825], "=": [1, 0.4810234541577825], "A": [1, 0.5484008528784647], "E": [1, 0.47334754797441364], "I": [1, 0.2810234541577825], "M": [1, 0.7684434968017058], "Q": [1, 0.6375266524520256], "U": [2, 0.603411513859275], "Y": [2, 0.49253731343283585], "]": [2, 0.28912579957356077], "a": [2, 0.5189765458422175], "e": [2, 0.48656716417910445], "i": [2, 0.259275053304904], "m": [3, 0.7901918976545842], "q": [3, 0.5189765458422175], "u": [3, 0.5275053304904052], "y": [3, 0.4533049040511727], "}": [3, 0.31002132196162047]}, "pivot": [-0.3626865671641791, -0.2901918976545842], "texCoords": {" ": [0.04931640625, 0.00048828125, 0.00048828125, 0.00048828125, 0.00048828125, 0.04931640625, 0.04931640625, 0.04931640625], "$": [0.24853515625, 0.00048828125, 0.19970703125, 0.00048828125, 0.19970703125, 0.04931640625, 0.24853515625, 0.04931640625], "(": [0.19873046875, 0.05029296875, 0.14990234375, 0.05029296875, 0.14990234375, 0.09912109375, 0.19873046875, 0.09912109375], ",": [0.14892578125, 0.10009765625, 0.10009765625, 0.10009765625, 0.10009765625, 0.14892578125, 0.14892578125, 0.14892578125], "0": [0.09912109375, 0.14990234375, 0.05029296875, 0.14990234375, 0.05029296875, 0.19873046875, 0.09912109375, 0.19873046875], "4": [0.04931640625, 0.19970703125, 0.00048828125, 0.19970703125, 0.00048828125, 0.24853515625, 0.04931640625, 0.24853515625], "8": [0.24853515625, 0.19970703125, 0.19970703125, 0.19970703125, 0.19970703125, 0.24853515625, 0.24853515625, 0.24853515625], "<": [0.19873046875, 0.00048828125, 0.14990234375, 0.00048828125, 0.14990234375, 0.04931640625, 0.19873046875, 0.04931640625], "@": [0.14892578125, 0.05029296875, 0.10009765625, 0.05029296875, 0.10009765625, 0.09912109375, 0.14892578125, 0.09912109375], "D": [0.09912109375, 0.10009765625, 0.05029296875, 0.10009765625, 0.05029296875, 0.14892578125, 0.09912109375, 0.14892578125], "H": [0.04931640625, 0.14990234375, 0.00048828125, 0.14990234375, 0.00048828125, 0.19873046875, 0.04931640625, 0.19873046875], "L": [0.24853515625, 0.14990234375, 0.19970703125, 0.14990234375, 0.19970703125, 0.19873046875, 0.24853515625, 0.19873046875], "P": [0.19873046875, 0.19970703125, 0.14990234375, 0.19970703125, 0.14990234375, 0.24853515625, 0.19873046875, 0.24853515625], "T": [0.14892578125, 0.00048828125, 0.10009765625, 0.00048828125, 0.10009765625, 0.04931640625, 0.14892578125, 0.04931640625], "X": [0.09912109375, 0.05029296875, 0.05029296875, 0.05029296875, 0.05029296875, 0.09912109375, 0.09912109375, 0.09912109375], "\\": [0.04931640625, 0.10009765625, 0.00048828125, 0.10009765625, 0.00048828125, 0.14892578125, 0.04931640625, 0.14892578125], "`": [0.24853515625, 0.10009765625, 0.19970703125, 0.10009765625, 0.19970703125, 0.14892578125, 0.24853515625, 0.14892578125], "d": [0.19873046875, 0.14990234375, 0.14990234375, 0.14990234375, 0.14990234375, 0.19873046875, 0.19873046875, 0.19873046875], "h": [0.14892578125, 0.19970703125, 0.10009765625, 0.19970703125, 0.10009765625, 0.24853515625, 0.14892578125, 0.24853515625], "l": [0.09912109375, 0.00048828125, 0.05029296875, 0.00048828125, 0.05029296875, 0.04931640625, 0.09912109375, 0.04931640625], "p": [0.04931640625, 0.05029296875, 0.00048828125, 0.05029296875, 0.00048828125, 0.09912109375, 0.04931640625, 0.09912109375], "t": [0.24853515625, 0.05029296875, 0.19970703125, 0.05029296875, 0.19970703125, 0.09912109375, 0.24853515625, 0.09912109375], "x": [0.19873046875, 0.10009765625, 0.14990234375, 0.10009765625, 0.14990234375, 0.14892578125, 0.19873046875, 0.14892578125], "|": [0.14892578125, 0.14990234375, 0.10009765625, 0.14990234375, 0.10009765625, 0.19873046875, 0.14892578125, 0.19873046875], "#": [0.19873046875, 0.00048828125, 0.14990234375, 0.00048828125, 0.14990234375, 0.04931640625, 0.19873046875, 0.04931640625], "'": [0.14892578125, 0.05029296875, 0.10009765625, 0.05029296875, 0.10009765625, 0.09912109375, 0.14892578125, 0.09912109375], "+": [0.09912109375, 0.10009765625, 0.05029296875, 0.10009765625, 0.05029296875, 0.14892578125, 0.09912109375, 0.14892578125], "/": [0.04931640625, 0.14990234375, 0.00048828125, 0.14990234375, 0.00048828125, 0.19873046875, 0.04931640625, 0.19873046875], "3": [0.24853515625, 0.14990234375, 0.19970703125, 0.14990234375, 0.19970703125, 0.19873046875, 0.24853515625, 0.19873046875], "7": [0.19873046875, 0.19970703125, 0.14990234375, 0.19970703125, 0.14990234375, 0.24853515625, 0.19873046875, 0.24853515625], ";": [0.14892578125, 0.00048828125, 0.10009765625, 0.00048828125, 0.10009765625, 0.04931640625, 0.14892578125, 0.04931640625], "?": [0.09912109375, 0.05029296875, 0.05029296875, 0.05029296875, 0.05029296875, 0.09912109375, 0.09912109375, 0.09912109375], "C": [0.04931640625, 0.10009765625, 0.00048828125, 0.10009765625, 0.00048828125, 0.14892578125, 0.04931640625, 0.14892578125], "G": [0.24853515625, 0.10009765625, 0.19970703125, 0.10009765625, 0.19970703125, 0.14892578125, 0.24853515625, 0.14892578125], "K": [0.19873046875, 0.14990234375, 0.14990234375, 0.14990234375, 0.14990234375, 0.19873046875, 0.19873046875, 0.19873046875], "O": [0.14892578125, 0.19970703125, 0.10009765625, 0.19970703125, 0.10009765625, 0.24853515625, 0.14892578125, 0.24853515625], "S": [0.09912109375, 0.00048828125, 0.05029296875, 0.00048828125, 0.05029296875, 0.04931640625, 0.09912109375, 0.04931640625], "W": [0.04931640625, 0.05029296875, 0.00048828125, 0.05029296875, 0.00048828125, 0.09912109375, 0.04931640625, 0.09912109375], "[": [0.24853515625, 0.05029296875, 0.19970703125, 0.05029296875, 0.19970703125, 0.09912109375, 0.24853515625, 0.09912109375],