{"idxAdvPairs": {" ": [0, 0.19458668617410385], "$": [0, 0.4188002926115581], "(": [0, 0.29956108266276515], ",": [0, 0.22019019751280172], "0": [0, 0.4188002926115581], "4": [0, 0.4188002926115581], "8": [0, 0.4188002926115581], "<": [1, 0.4188002926115581], "@": [1, 0.6898317483540599], "D": [1, 0.5753474762253109], "H": [1, 0.6133869787856621], "L": [1, 0.4897585954645208], "P": [1, 0.4967081199707388], "T": [2, 0.4890270665691294], "X": [2, 0.5482809070958302], "\\": [2, 0.21580102414045352], "`": [2, 0.43233357717629844], "d": [2, 0.49817117776152153], "h": [2, 0.49122165325530354], "l": [3, 0.2651792245793709], "p": [3, 0.4667154352596927], "t": [3, 0.3123628383321141], "x": [3, 0.4524506217995611], "|": [3, 0.4188002926115581], "#": [0, 0.4188002926115581], "'": [0, 0.21726408193123625], "+": [0, 0.4188002926115581], "/": [0, 0.21580102414045352], "3": [0, 0.4188002926115581], "7": [0, 0.4188002926115581], ";": [1, 0.26810534016093635], "?": [1, 0.40087783467446964], "C": [1, 0.5003657644476956], "G": [1, 0.5961960497439648], "K": [1, 0.5552304316020482], "O": [1, 0.5932699341623994], "S": [2, 0.43891733723482074], "W": [2, 0.7991953182150694], "[": [2, 0.31016825164594], "_": [2, 0.3438185808339429], "c": [2, 0.3953913679590343], "g": [2, 0.4345281638624725], "k": [3, 0.4473299195318215], "o": [3, 0.4630577907827359], "s": [3, 0.3851499634235552], "w": [3, 0.6554498902706656], "{": [3, 0.33101682516459396], "\"": [0, 0.3803950256035113], "&": [0, 0.5998536942209217], "*": [0, 0.4630577907827359], ".": [0, 0.22787125091441107], "2": [0, 0.4188002926115581], "6": [0, 0.4188002926115581], ":": [1, 0.26810534016093635], ">": [1, 0.4188002926115581], "B": [1, 0.5032918800292611], "F": [1, 0.46525237746891], "J": [1, 0.30029261155815656], "N": [1, 0.590343818580834], "R": [2, 0.5296269202633503], "V": [2, 0.523043160204828], "Z": [2, 0.4989027066569129], "^": [2, 0.4188002926115581], "b": [2, 0.4667154352596927], "f": [2, 0.3024871982443306], "j": [2, 0.2531089978054133], "n": [3, 0.5032918800292611], "r": [3, 0.4125822970007315], "v": [3, 0.43891733723482074], "z": [3, 0.41806876371616675], "~": [3, 0.42026335040234086], "!": [0, 0.29590343818580833], "%": [0, 0.67117776152158], ")": [0, 0.29956108266276515], "-": [0, 0.2322604242867593], "1": [0, 0.4188002926115581], "5": [0, 0.4188002926115581], "9": [1, 0.4188002926115581], "=": [1, 0.4188002926115581], "A": [1, 0.5640087783467447], "E": [1, 0.4740307242136064], "I": [1, 0.30029261155815656], "M": [1, 0.7132406730065837], "Q": [1, 0.5896122896854425], "U": [2, 0.5596196049743964], "Y": [2, 0.5190197512801755], "]": [2, 0.31016825164594], "a": [2, 0.49817117776152153], "e": [2, 0.40087783467446964], "i": [2, 0.2651792245793709], "m": [3, 0.7260424286759326], "q": [3, 0.47256766642282366], "u": [3, 0.5040234089246525], "y": [3, 0.43891733723482074], "}": [3, 0.33101682516459396]}, "pivot": [-0.3741770299926847, -0.32004389173372344], "texCoords": {" ": [0.04931640625, 0.00048828125, 0.00048828125, 0.00048828125, 0.00048828125, 0.04931640625, 0.04931640625, 0.04931640625], "$": [0.24853515625, 0.00048828125, 0.19970703125, 0.00048828125, 0.19970703125, 0.04931640625, 0.24853515625, 0.04931640625], "(": [0.19873046875, 0.05029296875, 0.14990234375, 0.05029296875, 0.14990234375, 0.09912109375, 0.19873046875, 0.09912109375], ",": [0.14892578125, 0.10009765625, 0.10009765625, 0.10009765625, 0.10009765625, 0.14892578125, 0.14892578125, 0.14892578125], "0": [0.09912109375, 0.14990234375, 0.05029296875, 0.14990234375, 0.05029296875, 0.19873046875, 0.09912109375, 0.19873046875], "4": [0.04931640625, 0.19970703125, 0.00048828125, 0.19970703125, 0.00048828125, 0.24853515625, 0.04931640625, 0.24853515625], "8": [0.24853515625, 0.19970703125, 0.19970703125, 0.19970703125, 0.19970703125, 0.24853515625, 0.24853515625, 0.24853515625], "<": [0.19873046875, 0.00048828125, 0.14990234375, 0.00048828125, 0.14990234375, 0.04931640625, 0.19873046875, 0.04931640625], "@": [0.14892578125, 0.05029296875, 0.10009765625, 0.05029296875, 0.10009765625, 0.09912109375, 0.14892578125, 0.09912109375], "D": [0.09912109375, 0.10009765625, 0.05029296875, 0.10009765625, 0.05029296875, 0.14892578125, 0.09912109375, 0.14892578125], "H": [0.04931640625, 0.14990234375, 0.00048828125, 0.14990234375, 0.00048828125, 0.19873046875, 0.04931640625, 0.19873046875], "L": [0.24853515625, 0.14990234375, 0.19970703125, 0.14990234375, 0.19970703125, 0.19873046875, 0.24853515625, 0.19873046875], "P": [0.19873046875, 0.19970703125, 0.14990234375, 0.19970703125, 0.14990234375, 0.24853515625, 0.19873046875, 0.24853515625], "T": [0.14892578125, 0.00048828125, 0.10009765625, 0.00048828125, 0.10009765625, 0.04931640625, 0.14892578125, 0.04931640625], "X": [0.09912109375, 0.05029296875, 0.05029296875, 0.05029296875, 0.05029296875, 0.09912109375, 0.09912109375, 0.09912109375], "\\": [0.04931640625, 0.10009765625, 0.00048828125, 0.10009765625, 0.00048828125, 0.14892578125, 0.04931640625, 0.14892578125], "`": [0.24853515625, 0.10009765625, 0.19970703125, 0.10009765625, 0.19970703125, 0.14892578125, 0.24853515625, 0.14892578125], "d": [0.19873046875, 0.14990234375, 0.14990234375, 0.14990234375, 0.14990234375, 0.19873046875, 0.19873046875, 0.19873046875], "h": [0.14892578125, 0.19970703125, 0.10009765625, 0.19970703125, 0.10009765625, 0.24853515625, 0.14892578125, 0.24853515625], "l": [0.09912109375, 0.00048828125, 0.05029296875, 0.00048828125, 0.05029296875, 0.04931640625, 0.09912109375, 0.04931640625], "p": [0.04931640625, 0.05029296875, 0.00048828125, 0.05029296875, 0.00048828125, 0.09912109375, 0.04931640625, 0.09912109375], "t": [0.24853515625, 0.05029296875, 0.19970703125, 0.05029296875, 0.19970703125, 0.09912109375, 0.24853515625, 0.09912109375], "x": [0.19873046875, 0.10009765625, 0.14990234375, 0.10009765625, 0.14990234375, 0.14892578125, 0.19873046875, 0.14892578125], "|": [0.14892578125, 0.14990234375, 0.10009765625, 0.14990234375, 0.10009765625, 0.19873046875, 0.14892578125, 0.19873046875], "#": [0.19873046875, 0.00048828125, 0.14990234375, 0.00048828125, 0.14990234375, 0.04931640625, 0.19873046875, 0.04931640625], "'": [0.14892578125, 0.05029296875, 0.10009765625, 0.05029296875, 0.10009765625, 0.09912109375, 0.14892578125, 0.09912109375], "+": [0.09912109375, 0.10009765625, 0.05029296875, 0.10009765625, 0.05029296875, 0.14892578125, 0.09912109375, 0.14892578125], "/": [0.04931640625, 0.14990234375, 0.00048828125, 0.14990234375, 0.00048828125, 0.19873046875, 0.04931640625, 0.19873046875], "3": [0.24853515625, 0.14990234375, 0.19970703125, 0.14990234375, 0.19970703125, 0.19873046875, 0.24853515625, 0.19873046875], "7": [0.19873046875, 0.19970703125, 0.14990234375, 0.19970703125, 0.14990234375, 0.24853515625, 0.19873046875, 0.24853515625], ";": [0.14892578125, 0.00048828125, 0.10009765625, 0.00048828125, 0.10009765625, 0.04931640625, 0.14892578125, 0.04931640625], "?": [0.09912109375, 0.05029296875, 0.05029296875, 0.05029296875, 0.05029296875, 0.09912109375, 0.09912109375, 0.09912109375], "C": [0.04931640625, 0.10009765625, 0.00048828125, 0.10009765625, 0.00048828125, 0.14892578125, 0.04931640625, 0.14892578125], "G": [0.24853515625, 0.10009765625, 0.19970703125, 0.10009765625, 0.19970703125, 0.14892578125, 0.24853515625, 0.14892578125], "K": [0.19873046875, 0.14990234375, 0.14990234375, 0.14990234375, 0.14990234375, 0.19873046875, 0.19873046875, 0.19873046875], "O": [0.14892578125, 0.19970703125, 0.10009765625, 0.19970703125, 0.10009765625, 0.24853515625, 0.14892578125, 0.24853515625], "S": [0.09912109375, 0.00048828125, 0.05029296875, 0.00048828125, 0.05029296875, 0.04931640625, 0.09912109375, 0.04931640625], "W": [0.04931640625, 0.05029296875, 0.00048828125, 0.05029296875, 0.00048828125, 0.09912109375, 0.04931640625, 0.09912109375], "[": [0.24853515625, 0.05029296875, 0.19970703125, 0.05029296875, 0.19970703125, 0.09912109375, 0.24853515625, 0.09912109375],