{"idxAdvPairs": {" ": [0, 0.234878587196468], "$": [0, 0.5055187637969095], "(": [0, 0.36158940397350997], ",": [0, 0.2657836644591612], "0": [0, 0.5055187637969095], "4": [0, 0.5055187637969095], "8": [0, 0.5055187637969095], "<": [1, 0.5055187637969095], "@": [1, 0.8326710816777043], "D": [1, 0.6935982339955851], "H": [1, 0.7403973509933774], "L": [1, 0.5911699779249449], "P": [1, 0.5770419426048565], "T": [2, 0.5902869757174394], "X": [2, 0.6618101545253863], "\\": [2, 0.2604856512141281], "`": [2, 0.5218543046357617], "d": [2, 0.5867549668874172], "h": [2, 0.6030905077262694], "l": [3, 0.31832229580573956], "p": [3, 0.5832229580573952], "t": [3, 0.36600441501103753], "x": [3, 0.5841059602649007], "|": [3, 0.5055187637969095], "#": [0, 0.5055187637969095], "'": [0, 0.2622516556291391], "+": [0, 0.5055187637969095], "/": [0, 0.2604856512141281], "3": [0, 0.5055187637969095], "7": [0, 0.5055187637969095], ";": [1, 0.2657836644591612], "?": [1, 0.4971302428256071], "C": [1, 0.6039735099337749], "G": [1, 0.695364238410596], "K": [1, 0.6635761589403973], "O": [1, 0.7116997792494482], "S": [2, 0.5298013245033113], "W": [2, 0.9646799116997794], "[": [2, 0.37439293598234], "_": [2, 0.41501103752759383], "c": [2, 0.4763796909492274], "g": [2, 0.5064017660044151], "k": [3, 0.5752759381898455], "o": [3, 0.5540838852097131], "s": [3, 0.4410596026490067], "w": [3, 0.7739514348785873], "{": [3, 0.3995584988962473], "\"": [0, 0.4591611479028698], "&": [0, 0.7240618101545254], "*": [0, 0.4538631346578367], ".": [0, 0.2750551876379691], "2": [0, 0.5055187637969095], "6": [0, 0.5055187637969095], ":": [1, 0.2750551876379691], ">": [1, 0.5055187637969095], "B": [1, 0.607505518763797], "F": [1, 0.56158940397351], "J": [1, 0.3328918322295806], "N": [1, 0.7125827814569538], "R": [2, 0.6392935982339957], "V": [2, 0.631346578366446], "Z": [2, 0.6022075055187639], "^": [2, 0.5055187637969095], "b": [2, 0.5867549668874172], "f": [2, 0.3682119205298014], "j": [2, 0.3121412803532009], "n": [3, 0.6030905077262694], "r": [3, 0.47284768211920536], "v": [3, 0.5479028697571744], "z": [3, 0.47814569536423845], "~": [3, 0.5072847682119206], "!": [0, 0.3452538631346579], "%": [0, 0.8189845474613687], ")": [0, 0.36158940397350997], "-": [0, 0.28035320088300225], "1": [0, 0.5055187637969095], "5": [0, 0.5055187637969095], "9": [1, 0.5055187637969095], "=": [1, 0.5055187637969095], "A": [1, 0.6807947019867551], "E": [1, 0.5902869757174394], "I": [1, 0.3624724061810155], "M": [1, 0.8609271523178809], "Q": [1, 0.7116997792494482], "U": [2, 0.6754966887417219], "Y": [2, 0.6264900662251656], "]": [2, 0.37439293598234], "a": [2, 0.5417218543046358], "e": [2, 0.5161147902869757], "i": [2, 0.31832229580573956], "m": [3, 0.8913907284768213], "q": [3, 0.5858719646799118], "u": [3, 0.6030905077262694], "y": [3, 0.5236203090507727], "}": [3, 0.3995584988962473]}, "pivot": [-0.46467991169977924, -0.2827814569536423], "texCoords": {" ": [0.04931640625, 0.00048828125, 0.00048828125, 0.00048828125, 0.00048828125, 0.04931640625, 0.04931640625, 0.04931640625], "$": [0.24853515625, 0.00048828125, 0.19970703125, 0.00048828125, 0.19970703125, 0.04931640625, 0.24853515625, 0.04931640625], "(": [0.19873046875, 0.05029296875, 0.14990234375, 0.05029296875, 0.14990234375, 0.09912109375, 0.19873046875, 0.09912109375], ",": [0.14892578125, 0.10009765625, 0.10009765625, 0.10009765625, 0.10009765625, 0.14892578125, 0.14892578125, 0.14892578125], "0": [0.09912109375, 0.14990234375, 0.05029296875, 0.14990234375, 0.05029296875, 0.19873046875, 0.09912109375, 0.19873046875], "4": [0.04931640625, 0.19970703125, 0.00048828125, 0.19970703125, 0.00048828125, 0.24853515625, 0.04931640625, 0.24853515625], "8": [0.24853515625, 0.19970703125, 0.19970703125, 0.19970703125, 0.19970703125, 0.24853515625, 0.24853515625, 0.24853515625], "<": [0.19873046875, 0.00048828125, 0.14990234375, 0.00048828125, 0.14990234375, 0.04931640625, 0.19873046875, 0.04931640625], "@": [0.14892578125, 0.05029296875, 0.10009765625, 0.05029296875, 0.10009765625, 0.09912109375, 0.14892578125, 0.09912109375], "D": [0.09912109375, 0.10009765625, 0.05029296875, 0.10009765625, 0.05029296875, 0.14892578125, 0.09912109375, 0.14892578125], "H": [0.04931640625, 0.14990234375, 0.00048828125, 0.14990234375, 0.00048828125, 0.19873046875, 0.04931640625, 0.19873046875], "L": [0.24853515625, 0.14990234375, 0.19970703125, 0.14990234375, 0.19970703125, 0.19873046875, 0.24853515625, 0.19873046875], "P": [0.19873046875, 0.19970703125, 0.14990234375, 0.19970703125, 0.14990234375, 0.24853515625, 0.19873046875, 0.24853515625], "T": [0.14892578125, 0.00048828125, 0.10009765625, 0.00048828125, 0.10009765625, 0.04931640625, 0.14892578125, 0.04931640625], "X": [0.09912109375, 0.05029296875, 0.05029296875, 0.05029296875, 0.05029296875, 0.09912109375, 0.09912109375, 0.09912109375], "\\": [0.04931640625, 0.10009765625, 0.00048828125, 0.10009765625, 0.00048828125, 0.14892578125, 0.04931640625, 0.14892578125], "`": [0.24853515625, 0.10009765625, 0.19970703125, 0.10009765625, 0.19970703125, 0.14892578125, 0.24853515625, 0.14892578125], "d": [0.19873046875, 0.14990234375, 0.14990234375, 0.14990234375, 0.14990234375, 0.19873046875, 0.19873046875, 0.19873046875], "h": [0.14892578125, 0.19970703125, 0.10009765625, 0.19970703125, 0.10009765625, 0.24853515625, 0.14892578125, 0.24853515625], "l": [0.09912109375, 0.00048828125, 0.05029296875, 0.00048828125, 0.05029296875, 0.04931640625, 0.09912109375, 0.04931640625], "p": [0.04931640625, 0.05029296875, 0.00048828125, 0.05029296875, 0.00048828125, 0.09912109375, 0.04931640625, 0.09912109375], "t": [0.24853515625, 0.05029296875, 0.19970703125, 0.05029296875, 0.19970703125, 0.09912109375, 0.24853515625, 0.09912109375], "x": [0.19873046875, 0.10009765625, 0.14990234375, 0.10009765625, 0.14990234375, 0.14892578125, 0.19873046875, 0.14892578125], "|": [0.14892578125, 0.14990234375, 0.10009765625, 0.14990234375, 0.10009765625, 0.19873046875, 0.14892578125, 0.19873046875], "#": [0.19873046875, 0.00048828125, 0.14990234375, 0.00048828125, 0.14990234375, 0.04931640625, 0.19873046875, 0.04931640625], "'": [0.14892578125, 0.05029296875, 0.10009765625, 0.05029296875, 0.10009765625, 0.09912109375, 0.14892578125, 0.09912109375], "+": [0.09912109375, 0.10009765625, 0.05029296875, 0.10009765625, 0.05029296875, 0.14892578125, 0.09912109375, 0.14892578125], "/": [0.04931640625, 0.14990234375, 0.00048828125, 0.14990234375, 0.00048828125, 0.19873046875, 0.04931640625, 0.19873046875], "3": [0.24853515625, 0.14990234375, 0.19970703125, 0.14990234375, 0.19970703125, 0.19873046875, 0.24853515625, 0.19873046875], "7": [0.19873046875, 0.19970703125, 0.14990234375, 0.19970703125, 0.14990234375, 0.24853515625, 0.19873046875, 0.24853515625], ";": [0.14892578125, 0.00048828125, 0.10009765625, 0.00048828125, 0.10009765625, 0.04931640625, 0.14892578125, 0.04931640625], "?": [0.09912109375, 0.05029296875, 0.05029296875, 0.05029296875, 0.05029296875, 0.09912109375, 0.09912109375, 0.09912109375], "C": [0.04931640625, 0.10009765625, 0.00048828125, 0.10009765625, 0.00048828125, 0.14892578125, 0.04931640625, 0.14892578125], "G": [0.24853515625, 0.10009765625, 0.19970703125, 0.10009765625, 0.19970703125, 0.14892578125, 0.24853515625, 0.14892578125], "K": [0.19873046875, 0.14990234375, 0.14990234375, 0.14990234375, 0.14990234375, 0.19873046875, 0.19873046875, 0.19873046875], "O": [0.14892578125, 0.19970703125, 0.10009765625, 0.19970703125, 0.10009765625, 0.24853515625, 0.14892578125, 0.24853515625], "S": [0.09912109375, 0.00048828125, 0.05029296875, 0.00048828125, 0.05029296875, 0.04931640625, 0.09912109375, 0.04931640625], "W": [0.04931640625, 0.05029296875, 0.00048828125, 0.05029296875, 0.00048828125, 0.09912109375, 0.04931640625, 0.09912109375], "[": [0.24853515625, 0.05029296875, 0.19970703125, 0.05029296875, 0.19970703125, 0.09912109375, 0.24853515625, 0.09912109375],