{"idxAdvPairs": {" ": [0, 0.26143790849673204], "$": [0, 0.5602240896358543], "(": [0, 0.3464052287581699], ",": [0, 0.2661064425770308], "0": [0, 0.6069094304388422], "4": [0, 0.6069094304388422], "8": [0, 0.6069094304388422], "<": [1, 0.5009337068160598], "@": [1, 0.9803921568627452], "D": [1, 0.7497665732959851], "H": [1, 0.7469654528478058], "L": [1, 0.5289449112978525], "P": [1, 0.6251167133520075], "T": [2, 0.5648926237161531], "X": [2, 0.6386554621848739], "\\": [2, 0.3389355742296919], "`": [2, 0.5238095238095238], "d": [2, 0.5546218487394958], "h": [2, 0.5560224089635855], "l": [3, 0.26330532212885155], "p": [3, 0.5494864612511672], "t": [3, 0.3618113912231559], "x": [3, 0.48926237161531283], "|": [3, 0.41269841269841273], "#": [0, 0.6545284780578897], "'": [0, 0.18907563025210083], "+": [0, 0.65359477124183], "/": [0, 0.3389355742296919], "3": [0, 0.6069094304388422], "7": [0, 0.6069094304388422], ";": [1, 0.2661064425770308], "?": [1, 0.4883286647992531], "C": [1, 0.6774042950513539], "G": [1, 0.7427637721755369], "K": [1, 0.661531279178338], "O": [1, 0.7871148459383754], "S": [2, 0.6353874883286648], "W": [2, 1.0107376283846872], "[": [2, 0.353874883286648], "_": [2, 0.5415499533146592], "c": [2, 0.46732026143790845], "g": [2, 0.5490196078431373], "k": [3, 0.5009337068160598], "o": [3, 0.565359477124183], "s": [3, 0.4743230625583567], "w": [3, 0.7866479925303455], "{": [3, 0.37254901960784315], "\"": [0, 0.3711484593837535], "&": [0, 0.7418300653594772], "*": [0, 0.5583566760037348], ".": [0, 0.2661064425770308], "2": [0, 0.6069094304388422], "6": [0, 0.6069094304388422], ":": [1, 0.2661064425770308], ">": [1, 0.5009337068160598], "B": [1, 0.6647992530345472], "F": [1, 0.5826330532212886], "J": [1, 0.4449112978524743], "N": [1, 0.7745098039215687], "R": [2, 0.6713352007469655], "V": [2, 0.65406162464986], "Z": [2, 0.6339869281045751], "^": [2, 0.6904761904761905], "b": [2, 0.5522875816993464], "f": [2, 0.38281979458450044], "j": [2, 0.24463118580765641], "n": [3, 0.5490196078431373], "r": [3, 0.3739495798319328], "v": [3, 0.46358543417366943], "z": [3, 0.5032679738562091], "~": [3, 0.65359477124183], "!": [0, 0.3034547152194211], "%": [0, 0.6204481792717087], ")": [0, 0.3464052287581699], "-": [0, 0.5648926237161531], "1": [0, 0.6069094304388422], "5": [0, 0.6069094304388422], "9": [1, 0.6069094304388422], "=": [1, 0.65359477124183], "A": [1, 0.6456582633053222], "E": [1, 0.5989729225023342], "I": [1, 0.3408029878618114], "M": [1, 0.8795518207282913], "Q": [1, 0.796451914098973], "U": [2, 0.738562091503268], "Y": [2, 0.5896358543417367], "]": [2, 0.353874883286648], "a": [2, 0.49906629318394025], "e": [2, 0.5144724556489263], "i": [2, 0.24463118580765641], "m": [3, 0.8095238095238095], "q": [3, 0.5490196078431373], "u": [3, 0.5494864612511672], "y": [3, 0.49486461251167135], "}": [3, 0.37254901960784315]}, "pivot": [-0.5084033613445378, -0.24743230625583565], "texCoords": {" ": [0.04931640625, 0.00048828125, 0.00048828125, 0.00048828125, 0.00048828125, 0.04931640625, 0.04931640625, 0.04931640625], "$": [0.24853515625, 0.00048828125, 0.19970703125, 0.00048828125, 0.19970703125, 0.04931640625, 0.24853515625, 0.04931640625], "(": [0.19873046875, 0.05029296875, 0.14990234375, 0.05029296875, 0.14990234375, 0.09912109375, 0.19873046875, 0.09912109375], ",": [0.14892578125, 0.10009765625, 0.10009765625, 0.10009765625, 0.10009765625, 0.14892578125, 0.14892578125, 0.14892578125], "0": [0.09912109375, 0.14990234375, 0.05029296875, 0.14990234375, 0.05029296875, 0.19873046875, 0.09912109375, 0.19873046875], "4": [0.04931640625, 0.19970703125, 0.00048828125, 0.19970703125, 0.00048828125, 0.24853515625, 0.04931640625, 0.24853515625], "8": [0.24853515625, 0.19970703125, 0.19970703125, 0.19970703125, 0.19970703125, 0.24853515625, 0.24853515625, 0.24853515625], "<": [0.19873046875, 0.00048828125, 0.14990234375, 0.00048828125, 0.14990234375, 0.04931640625, 0.19873046875, 0.04931640625], "@": [0.14892578125, 0.05029296875, 0.10009765625, 0.05029296875, 0.10009765625, 0.09912109375, 0.14892578125, 0.09912109375], "D": [0.09912109375, 0.10009765625, 0.05029296875, 0.10009765625, 0.05029296875, 0.14892578125, 0.09912109375, 0.14892578125], "H": [0.04931640625, 0.14990234375, 0.00048828125, 0.14990234375, 0.00048828125, 0.19873046875, 0.04931640625, 0.19873046875], "L": [0.24853515625, 0.14990234375, 0.19970703125, 0.14990234375, 0.19970703125, 0.19873046875, 0.24853515625, 0.19873046875], "P": [0.19873046875, 0.19970703125, 0.14990234375, 0.19970703125, 0.14990234375, 0.24853515625, 0.19873046875, 0.24853515625], "T": [0.14892578125, 0.00048828125, 0.10009765625, 0.00048828125, 0.10009765625, 0.04931640625, 0.14892578125, 0.04931640625], "X": [0.09912109375, 0.05029296875, 0.05029296875, 0.05029296875, 0.05029296875, 0.09912109375, 0.09912109375, 0.09912109375], "\\": [0.04931640625, 0.10009765625, 0.00048828125, 0.10009765625, 0.00048828125, 0.14892578125, 0.04931640625, 0.14892578125], "`": [0.24853515625, 0.10009765625, 0.19970703125, 0.10009765625, 0.19970703125, 0.14892578125, 0.24853515625, 0.14892578125], "d": [0.19873046875, 0.14990234375, 0.14990234375, 0.14990234375, 0.14990234375, 0.19873046875, 0.19873046875, 0.19873046875], "h": [0.14892578125, 0.19970703125, 0.10009765625, 0.19970703125, 0.10009765625, 0.24853515625, 0.14892578125, 0.24853515625], "l": [0.09912109375, 0.00048828125, 0.05029296875, 0.00048828125, 0.05029296875, 0.04931640625, 0.09912109375, 0.04931640625], "p": [0.04931640625, 0.05029296875, 0.00048828125, 0.05029296875, 0.00048828125, 0.09912109375, 0.04931640625, 0.09912109375], "t": [0.24853515625, 0.05029296875, 0.19970703125, 0.05029296875, 0.19970703125, 0.09912109375, 0.24853515625, 0.09912109375], "x": [0.19873046875, 0.10009765625, 0.14990234375, 0.10009765625, 0.14990234375, 0.14892578125, 0.19873046875, 0.14892578125], "|": [0.14892578125, 0.14990234375, 0.10009765625, 0.14990234375, 0.10009765625, 0.19873046875, 0.14892578125, 0.19873046875], "#": [0.19873046875, 0.00048828125, 0.14990234375, 0.00048828125, 0.14990234375, 0.04931640625, 0.19873046875, 0.04931640625], "'": [0.14892578125, 0.05029296875, 0.10009765625, 0.05029296875, 0.10009765625, 0.09912109375, 0.14892578125, 0.09912109375], "+": [0.09912109375, 0.10009765625, 0.05029296875, 0.10009765625, 0.05029296875, 0.14892578125, 0.09912109375, 0.14892578125], "/": [0.04931640625, 0.14990234375, 0.00048828125, 0.14990234375, 0.00048828125, 0.19873046875, 0.04931640625, 0.19873046875], "3": [0.24853515625, 0.14990234375, 0.19970703125, 0.14990234375, 0.19970703125, 0.19873046875, 0.24853515625, 0.19873046875], "7": [0.19873046875, 0.19970703125, 0.14990234375, 0.19970703125, 0.14990234375, 0.24853515625, 0.19873046875, 0.24853515625], ";": [0.14892578125, 0.00048828125, 0.10009765625, 0.00048828125, 0.10009765625, 0.04931640625, 0.14892578125, 0.04931640625], "?": [0.09912109375, 0.05029296875, 0.05029296875, 0.05029296875, 0.05029296875, 0.09912109375, 0.09912109375, 0.09912109375], "C": [0.04931640625, 0.10009765625, 0.00048828125, 0.10009765625, 0.00048828125, 0.14892578125, 0.04931640625, 0.14892578125], "G": [0.24853515625, 0.10009765625, 0.19970703125, 0.10009765625, 0.19970703125, 0.14892578125, 0.24853515625, 0.14892578125], "K": [0.19873046875, 0.14990234375, 0.14990234375, 0.14990234375, 0.14990234375, 0.19873046875, 0.19873046875, 0.19873046875], "O": [0.14892578125, 0.19970703125, 0.10009765625, 0.19970703125, 0.10009765625, 0.24853515625, 0.14892578125, 0.24853515625], "S": [0.09912109375, 0.00048828125, 0.05029296875, 0.00048828125, 0.05029296875, 0.04931640625, 0.09912109375, 0.04931640625], "W": [0.04931640625, 0.05029296875, 0.00048828125, 0.05029296875, 0.00048828125, 0.09912109375, 0.04931640625, 0.09912109375], "[": [0.24853515625, 0.05029296875, 0.19970703125, 0.05029296875, 0.19970703125, 0.09912109375, 0.24853515625, 0.09912109375],