{"idxAdvPairs": {" ": [0, 0.19818456883509836], "$": [0, 0.46066565809379734], "(": [0, 0.2337367624810893], ",": [0, 0.14826021180030258], "0": [0, 0.5824508320726173], "4": [0, 0.48714069591527986], "8": [0, 0.5204236006051438], "<": [1, 0.37518910741301065], "@": [1, 0.7465960665658095], "D": [1, 0.5937972768532527], "H": [1, 0.6527987897125567], "L": [1, 0.3963691376701967], "P": [1, 0.5173978819969743], "T": [2, 0.4848714069591528], "X": [2, 0.5173978819969743], "\\": [2, 0.4931921331316188], "`": [2, 0.2329803328290469], "d": [2, 0.5317700453857791], "h": [2, 0.5045385779122542], "l": [3, 0.22692889561270804], "p": [3, 0.516641452344932], "t": [3, 0.2753403933434191], "x": [3, 0.4084720121028744], "|": [3, 0.19591527987897128], "#": [0, 0.518910741301059], "'": [0, 0.14674735249621787], "+": [0, 0.37367624810892586], "/": [0, 0.24583963691376703], "3": [0, 0.48108925869894104], "7": [0, 0.47049924357034795], ";": [1, 0.1497730711043873], "?": [1, 0.3282904689863843], "C": [1, 0.5491679273827534], "G": [1, 0.5824508320726173], "K": [1, 0.5347957639939486], "O": [1, 0.6180030257186082], "S": [2, 0.46066565809379734], "W": [2, 0.8933434190620272], "[": [2, 0.24205748865355525], "_": [2, 0.42360060514372166], "c": [2, 0.4402420574886536], "g": [2, 0.4841149773071105], "k": [3, 0.451588502269289], "o": [3, 0.47428139183055973], "s": [3, 0.35779122541603636], "w": [3, 0.7322239031770046], "{": [3, 0.25718608169440244], "\"": [0, 0.25340393343419065], "&": [0, 0.5022692889561271], "*": [0, 0.27004538577912257], ".": [0, 0.1588502269288956], "2": [0, 0.47655068078668683], "6": [0, 0.5226928895612708], ":": [1, 0.15960665658093798], ">": [1, 0.37518910741301065], "B": [1, 0.5400907715582451], "F": [1, 0.39334341906202724], "J": [1, 0.3698940998487141], "N": [1, 0.5854765506807866], "R": [2, 0.5468986384266263], "V": [2, 0.5113464447806354], "Z": [2, 0.5098335854765508], "^": [2, 0.397125567322239], "b": [2, 0.5173978819969743], "f": [2, 0.23600605143721634], "j": [2, 0.2042360060514372], "n": [3, 0.5173978819969743], "r": [3, 0.29046898638426627], "v": [3, 0.3857791225416037], "z": [3, 0.4016641452344932], "~": [3, 0.3744326777609682], "!": [0, 0.15809379727685324], "%": [0, 0.8426626323751891], ")": [0, 0.24962178517397884], "-": [0, 0.27685325264750377], "1": [0, 0.31921331316187596], "5": [0, 0.5037821482602118], "9": [1, 0.5204236006051438], "=": [1, 0.3744326777609682], "A": [1, 0.5801815431164902], "E": [1, 0.4599092284417549], "I": [1, 0.3600605143721634], "M": [1, 0.9092284417549169], "Q": [1, 0.6180030257186082], "U": [2, 0.5854765506807866], "Y": [2, 0.5582450832072617], "]": [2, 0.2844175491679274], "a": [2, 0.5317700453857791], "e": [2, 0.44251134644478063], "i": [2, 0.20726172465960666], "m": [3, 0.8199697428139183], "q": [3, 0.516641452344932], "u": [3, 0.5173978819969743], "y": [3, 0.48940998487140697], "}": [3, 0.3320726172465961]}, "pivot": [-0.3925869894099849, -0.34568835098335854], "texCoords": {" ": [0.04931640625, 0.00048828125, 0.00048828125, 0.00048828125, 0.00048828125, 0.04931640625, 0.04931640625, 0.04931640625], "$": [0.24853515625, 0.00048828125, 0.19970703125, 0.00048828125, 0.19970703125, 0.04931640625, 0.24853515625, 0.04931640625], "(": [0.19873046875, 0.05029296875, 0.14990234375, 0.05029296875, 0.14990234375, 0.09912109375, 0.19873046875, 0.09912109375], ",": [0.14892578125, 0.10009765625, 0.10009765625, 0.10009765625, 0.10009765625, 0.14892578125, 0.14892578125, 0.14892578125], "0": [0.09912109375, 0.14990234375, 0.05029296875, 0.14990234375, 0.05029296875, 0.19873046875, 0.09912109375, 0.19873046875], "4": [0.04931640625, 0.19970703125, 0.00048828125, 0.19970703125, 0.00048828125, 0.24853515625, 0.04931640625, 0.24853515625], "8": [0.24853515625, 0.19970703125, 0.19970703125, 0.19970703125, 0.19970703125, 0.24853515625, 0.24853515625, 0.24853515625], "<": [0.19873046875, 0.00048828125, 0.14990234375, 0.00048828125, 0.14990234375, 0.04931640625, 0.19873046875, 0.04931640625], "@": [0.14892578125, 0.05029296875, 0.10009765625, 0.05029296875, 0.10009765625, 0.09912109375, 0.14892578125, 0.09912109375], "D": [0.09912109375, 0.10009765625, 0.05029296875, 0.10009765625, 0.05029296875, 0.14892578125, 0.09912109375, 0.14892578125], "H": [0.04931640625, 0.14990234375, 0.00048828125, 0.14990234375, 0.00048828125, 0.19873046875, 0.04931640625, 0.19873046875], "L": [0.24853515625, 0.14990234375, 0.19970703125, 0.14990234375, 0.19970703125, 0.19873046875, 0.24853515625, 0.19873046875], "P": [0.19873046875, 0.19970703125, 0.14990234375, 0.19970703125, 0.14990234375, 0.24853515625, 0.19873046875, 0.24853515625], "T": [0.14892578125, 0.00048828125, 0.10009765625, 0.00048828125, 0.10009765625, 0.04931640625, 0.14892578125, 0.04931640625], "X": [0.09912109375, 0.05029296875, 0.05029296875, 0.05029296875, 0.05029296875, 0.09912109375, 0.09912109375, 0.09912109375], "\\": [0.04931640625, 0.10009765625, 0.00048828125, 0.10009765625, 0.00048828125, 0.14892578125, 0.04931640625, 0.14892578125], "`": [0.24853515625, 0.10009765625, 0.19970703125, 0.10009765625, 0.19970703125, 0.14892578125, 0.24853515625, 0.14892578125], "d": [0.19873046875, 0.14990234375, 0.14990234375, 0.14990234375, 0.14990234375, 0.19873046875, 0.19873046875, 0.19873046875], "h": [0.14892578125, 0.19970703125, 0.10009765625, 0.19970703125, 0.10009765625, 0.24853515625, 0.14892578125, 0.24853515625], "l": [0.09912109375, 0.00048828125, 0.05029296875, 0.00048828125, 0.05029296875, 0.04931640625, 0.09912109375, 0.04931640625], "p": [0.04931640625, 0.05029296875, 0.00048828125, 0.05029296875, 0.00048828125, 0.09912109375, 0.04931640625, 0.09912109375], "t": [0.24853515625, 0.05029296875, 0.19970703125, 0.05029296875, 0.19970703125, 0.09912109375, 0.24853515625, 0.09912109375], "x": [0.19873046875, 0.10009765625, 0.14990234375, 0.10009765625, 0.14990234375, 0.14892578125, 0.19873046875, 0.14892578125], "|": [0.14892578125, 0.14990234375, 0.10009765625, 0.14990234375, 0.10009765625, 0.19873046875, 0.14892578125, 0.19873046875], "#": [0.19873046875, 0.00048828125, 0.14990234375, 0.00048828125, 0.14990234375, 0.04931640625, 0.19873046875, 0.04931640625], "'": [0.14892578125, 0.05029296875, 0.10009765625, 0.05029296875, 0.10009765625, 0.09912109375, 0.14892578125, 0.09912109375], "+": [0.09912109375, 0.10009765625, 0.05029296875, 0.10009765625, 0.05029296875, 0.14892578125, 0.09912109375, 0.14892578125], "/": [0.04931640625, 0.14990234375, 0.00048828125, 0.14990234375, 0.00048828125, 0.19873046875, 0.04931640625, 0.19873046875], "3": [0.24853515625, 0.14990234375, 0.19970703125, 0.14990234375, 0.19970703125, 0.19873046875, 0.24853515625, 0.19873046875], "7": [0.19873046875, 0.19970703125, 0.14990234375, 0.19970703125, 0.14990234375, 0.24853515625, 0.19873046875, 0.24853515625], ";": [0.14892578125, 0.00048828125, 0.10009765625, 0.00048828125, 0.10009765625, 0.04931640625, 0.14892578125, 0.04931640625], "?": [0.09912109375, 0.05029296875, 0.05029296875, 0.05029296875, 0.05029296875, 0.09912109375, 0.09912109375, 0.09912109375], "C": [0.04931640625, 0.10009765625, 0.00048828125, 0.10009765625, 0.00048828125, 0.14892578125, 0.04931640625, 0.14892578125], "G": [0.24853515625, 0.10009765625, 0.19970703125, 0.10009765625, 0.19970703125, 0.14892578125, 0.24853515625, 0.14892578125], "K": [0.19873046875, 0.14990234375, 0.14990234375, 0.14990234375, 0.14990234375, 0.19873046875, 0.19873046875, 0.19873046875], "O": [0.14892578125, 0.19970703125, 0.10009765625, 0.19970703125, 0.10009765625, 0.24853515625, 0.14892578125, 0.24853515625], "S": [0.09912109375, 0.00048828125, 0.05029296875, 0.00048828125, 0.05029296875, 0.04931640625, 0.09912109375, 0.04931640625], "W": [0.04931640625, 0.05029296875, 0.00048828125, 0.05029296875, 0.00048828125, 0.09912109375, 0.04931640625, 0.09912109375], "[": [0.24853515625, 0.05029296875, 0.19970703125, 0.05029296875, 0.19970703125, 0.09912109375, 0.24853515625, 0.09912109375],