{"idxAdvPairs": {" ": [0, 0.16754716981132073], "$": [0, 0.4792452830188679], "(": [0, 0.2633962264150943], ",": [0, 0.17735849056603772], "0": [0, 0.5675471698113207], "4": [0, 0.4935849056603774], "8": [0, 0.5056603773584906], "<": [1, 0.3871698113207547], "@": [1, 0.6920754716981132], "D": [1, 0.579622641509434], "H": [1, 0.6460377358490565], "L": [1, 0.42490566037735844], "P": [1, 0.5230188679245282], "T": [2, 0.5184905660377358], "X": [2, 0.5637735849056604], "\\": [2, 0.5275471698113207], "`": [2, 0.23547169811320753], "d": [2, 0.5373584905660377], "h": [2, 0.5147169811320754], "l": [3, 0.2649056603773585], "p": [3, 0.5215094339622641], "t": [3, 0.30339622641509434], "x": [3, 0.4611320754716981], "|": [3, 0.22867924528301883], "#": [0, 0.5237735849056604], "'": [0, 0.19169811320754715], "+": [0, 0.38566037735849057], "/": [0, 0.2875471698113207], "3": [0, 0.48905660377358484], "7": [0, 0.4822641509433962], ";": [1, 0.17886792452830189], "?": [1, 0.35698113207547166], "C": [1, 0.5418867924528302], "G": [1, 0.569811320754717], "K": [1, 0.5637735849056604], "O": [1, 0.6120754716981132], "S": [2, 0.4792452830188679], "W": [2, 0.870188679245283], "[": [2, 0.2709433962264151], "_": [2, 0.44150943396226416], "c": [2, 0.4377358490566038], "g": [2, 0.4928301886792453], "k": [3, 0.4935849056603774], "o": [3, 0.48603773584905663], "s": [3, 0.3954716981132076], "w": [3, 0.7403773584905661], "{": [3, 0.27471698113207543], "\"": [0, 0.3366037735849056], "&": [0, 0.5245283018867924], "*": [0, 0.3011320754716981], ".": [0, 0.1879245283018868], "2": [0, 0.48905660377358484], "6": [0, 0.5086792452830189], ":": [1, 0.1879245283018868], ">": [1, 0.3871698113207547], "B": [1, 0.5418867924528302], "F": [1, 0.41886792452830185], "J": [1, 0.4052830188679245], "N": [1, 0.5766037735849057], "R": [2, 0.5464150943396227], "V": [2, 0.5524528301886792], "Z": [2, 0.5192452830188679], "^": [2, 0.4362264150943396], "b": [2, 0.5222641509433962], "f": [2, 0.2656603773584905], "j": [2, 0.23622641509433961], "n": [3, 0.5328301886792453], "r": [3, 0.32905660377358487], "v": [3, 0.4339622641509434], "z": [3, 0.41962264150943396], "~": [3, 0.38566037735849057], "!": [0, 0.1969811320754717], "%": [0, 0.8732075471698113], ")": [0, 0.27169811320754716], "-": [0, 0.2830188679245283], "1": [0, 0.339622641509434], "5": [0, 0.500377358490566], "9": [1, 0.5079245283018868], "=": [1, 0.38566037735849057], "A": [1, 0.5713207547169811], "E": [1, 0.49886792452830186], "I": [1, 0.38264150943396225], "M": [1, 0.8867924528301886], "Q": [1, 0.6120754716981132], "U": [2, 0.5766037735849057], "Y": [2, 0.561509433962264], "]": [2, 0.2943396226415094], "a": [2, 0.540377358490566], "e": [2, 0.4543396226415094], "i": [2, 0.2369811320754717], "m": [3, 0.8173584905660377], "q": [3, 0.5207547169811321], "u": [3, 0.5328301886792453], "y": [3, 0.5033962264150943], "}": [3, 0.3252830188679245]}, "pivot": [-0.389811320754717, -0.34603773584905667], "texCoords": {" ": [0.04931640625, 0.00048828125, 0.00048828125, 0.00048828125, 0.00048828125, 0.04931640625, 0.04931640625, 0.04931640625], "$": [0.24853515625, 0.00048828125, 0.19970703125, 0.00048828125, 0.19970703125, 0.04931640625, 0.24853515625, 0.04931640625], "(": [0.19873046875, 0.05029296875, 0.14990234375, 0.05029296875, 0.14990234375, 0.09912109375, 0.19873046875, 0.09912109375], ",": [0.14892578125, 0.10009765625, 0.10009765625, 0.10009765625, 0.10009765625, 0.14892578125, 0.14892578125, 0.14892578125], "0": [0.09912109375, 0.14990234375, 0.05029296875, 0.14990234375, 0.05029296875, 0.19873046875, 0.09912109375, 0.19873046875], "4": [0.04931640625, 0.19970703125, 0.00048828125, 0.19970703125, 0.00048828125, 0.24853515625, 0.04931640625, 0.24853515625], "8": [0.24853515625, 0.19970703125, 0.19970703125, 0.19970703125, 0.19970703125, 0.24853515625, 0.24853515625, 0.24853515625], "<": [0.19873046875, 0.00048828125, 0.14990234375, 0.00048828125, 0.14990234375, 0.04931640625, 0.19873046875, 0.04931640625], "@": [0.14892578125, 0.05029296875, 0.10009765625, 0.05029296875, 0.10009765625, 0.09912109375, 0.14892578125, 0.09912109375], "D": [0.09912109375, 0.10009765625, 0.05029296875, 0.10009765625, 0.05029296875, 0.14892578125, 0.09912109375, 0.14892578125], "H": [0.04931640625, 0.14990234375, 0.00048828125, 0.14990234375, 0.00048828125, 0.19873046875, 0.04931640625, 0.19873046875], "L": [0.24853515625, 0.14990234375, 0.19970703125, 0.14990234375, 0.19970703125, 0.19873046875, 0.24853515625, 0.19873046875], "P": [0.19873046875, 0.19970703125, 0.14990234375, 0.19970703125, 0.14990234375, 0.24853515625, 0.19873046875, 0.24853515625], "T": [0.14892578125, 0.00048828125, 0.10009765625, 0.00048828125, 0.10009765625, 0.04931640625, 0.14892578125, 0.04931640625], "X": [0.09912109375, 0.05029296875, 0.05029296875, 0.05029296875, 0.05029296875, 0.09912109375, 0.09912109375, 0.09912109375], "\\": [0.04931640625, 0.10009765625, 0.00048828125, 0.10009765625, 0.00048828125, 0.14892578125, 0.04931640625, 0.14892578125], "`": [0.24853515625, 0.10009765625, 0.19970703125, 0.10009765625, 0.19970703125, 0.14892578125, 0.24853515625, 0.14892578125], "d": [0.19873046875, 0.14990234375, 0.14990234375, 0.14990234375, 0.14990234375, 0.19873046875, 0.19873046875, 0.19873046875], "h": [0.14892578125, 0.19970703125, 0.10009765625, 0.19970703125, 0.10009765625, 0.24853515625, 0.14892578125, 0.24853515625], "l": [0.09912109375, 0.00048828125, 0.05029296875, 0.00048828125, 0.05029296875, 0.04931640625, 0.09912109375, 0.04931640625], "p": [0.04931640625, 0.05029296875, 0.00048828125, 0.05029296875, 0.00048828125, 0.09912109375, 0.04931640625, 0.09912109375], "t": [0.24853515625, 0.05029296875, 0.19970703125, 0.05029296875, 0.19970703125, 0.09912109375, 0.24853515625, 0.09912109375], "x": [0.19873046875, 0.10009765625, 0.14990234375, 0.10009765625, 0.14990234375, 0.14892578125, 0.19873046875, 0.14892578125], "|": [0.14892578125, 0.14990234375, 0.10009765625, 0.14990234375, 0.10009765625, 0.19873046875, 0.14892578125, 0.19873046875], "#": [0.19873046875, 0.00048828125, 0.14990234375, 0.00048828125, 0.14990234375, 0.04931640625, 0.19873046875, 0.04931640625], "'": [0.14892578125, 0.05029296875, 0.10009765625, 0.05029296875, 0.10009765625, 0.09912109375, 0.14892578125, 0.09912109375], "+": [0.09912109375, 0.10009765625, 0.05029296875, 0.10009765625, 0.05029296875, 0.14892578125, 0.09912109375, 0.14892578125], "/": [0.04931640625, 0.14990234375, 0.00048828125, 0.14990234375, 0.00048828125, 0.19873046875, 0.04931640625, 0.19873046875], "3": [0.24853515625, 0.14990234375, 0.19970703125, 0.14990234375, 0.19970703125, 0.19873046875, 0.24853515625, 0.19873046875], "7": [0.19873046875, 0.19970703125, 0.14990234375, 0.19970703125, 0.14990234375, 0.24853515625, 0.19873046875, 0.24853515625], ";": [0.14892578125, 0.00048828125, 0.10009765625, 0.00048828125, 0.10009765625, 0.04931640625, 0.14892578125, 0.04931640625], "?": [0.09912109375, 0.05029296875, 0.05029296875, 0.05029296875, 0.05029296875, 0.09912109375, 0.09912109375, 0.09912109375], "C": [0.04931640625, 0.10009765625, 0.00048828125, 0.10009765625, 0.00048828125, 0.14892578125, 0.04931640625, 0.14892578125], "G": [0.24853515625, 0.10009765625, 0.19970703125, 0.10009765625, 0.19970703125, 0.14892578125, 0.24853515625, 0.14892578125], "K": [0.19873046875, 0.14990234375, 0.14990234375, 0.14990234375, 0.14990234375, 0.19873046875, 0.19873046875, 0.19873046875], "O": [0.14892578125, 0.19970703125, 0.10009765625, 0.19970703125, 0.10009765625, 0.24853515625, 0.14892578125, 0.24853515625], "S": [0.09912109375, 0.00048828125, 0.05029296875, 0.00048828125, 0.05029296875, 0.04931640625, 0.09912109375, 0.04931640625], "W": [0.04931640625, 0.05029296875, 0.00048828125, 0.05029296875, 0.00048828125, 0.09912109375, 0.04931640625, 0.09912109375], "[": [0.24853515625, 0.05029296875, 0.19970703125, 0.05029296875, 0.19970703125, 0.09912109375, 0.24853515625, 0.09912109375],