{"idxAdvPairs": {" ": [0, 0.24953095684803], "$": [0, 0.548311444652908], "(": [0, 0.32551594746716694], ",": [0, 0.27861163227016883], "0": [0, 0.548311444652908], "4": [0, 0.548311444652908], "8": [0, 0.548311444652908], "<": [1, 0.548311444652908], "@": [1, 0.8616322701688555], "D": [1, 0.7110694183864915], "H": [1, 0.7349906191369605], "L": [1, 0.5426829268292682], "P": [1, 0.6031894934333958], "T": [2, 0.5562851782363977], "X": [2, 0.6407129455909942], "\\": [2, 0.3968105065666041], "`": [2, 0.5830206378986866], "d": [2, 0.6078799249530956], "h": [2, 0.6313320825515948], "l": [3, 0.29315196998123827], "p": [3, 0.6078799249530956], "t": [3, 0.4169793621013133], "x": [3, 0.5553470919324578], "|": [3, 0.5290806754221388], "#": [0, 0.6205440900562852], "'": [0, 0.25562851782363977], "+": [0, 0.548311444652908], "/": [0, 0.3968105065666041], "3": [0, 0.548311444652908], "7": [0, 0.548311444652908], ";": [1, 0.27861163227016883], "?": [1, 0.45825515947467166], "C": [1, 0.6121013133208255], "G": [1, 0.6955909943714822], "K": [1, 0.6378986866791745], "O": [1, 0.7645403377110693], "S": [2, 0.5290806754221388], "W": [2, 0.9287054409005628], "[": [2, 0.31801125703564725], "_": [2, 0.3949343339587241], "c": [2, 0.49390243902439024], "g": [2, 0.5426829268292682], "k": [3, 0.5956848030018762], "o": [3, 0.5947467166979361], "s": [3, 0.4774859287054409], "w": [3, 0.822232645403377], "{": [3, 0.3785178236397748], "\"": [0, 0.4535647279549718], "&": [0, 0.7204502814258912], "*": [0, 0.523452157598499], ".": [0, 0.27392120075046905], "2": [0, 0.548311444652908], "6": [0, 0.548311444652908], ":": [1, 0.27392120075046905], ">": [1, 0.548311444652908], "B": [1, 0.6454033771106942], "F": [1, 0.5272045028142589], "J": [1, 0.31801125703564725], "N": [1, 0.7809568480300187], "R": [2, 0.6341463414634146], "V": [2, 0.6242964352720449], "Z": [2, 0.5562851782363977], "^": [2, 0.5112570356472795], "b": [2, 0.6078799249530956], "f": [2, 0.3719512195121951], "j": [2, 0.29315196998123827], "n": [3, 0.6313320825515948], "r": [3, 0.43621013133208253], "v": [3, 0.5464352720450281], "z": [3, 0.4685741088180112], "~": [3, 0.548311444652908], "!": [0, 0.274859287054409], "%": [0, 0.8653846153846153], ")": [0, 0.32551594746716694], "-": [0, 0.30909943714821764], "1": [0, 0.548311444652908], "5": [0, 0.548311444652908], "9": [1, 0.548311444652908], "=": [1, 0.548311444652908], "A": [1, 0.6627579737335835], "E": [1, 0.5379924953095684], "I": [1, 0.31801125703564725], "M": [1, 0.9057223264540337], "Q": [1, 0.7645403377110693], "U": [2, 0.726078799249531], "Y": [2, 0.5994371482176359], "]": [2, 0.31801125703564725], "a": [2, 0.5802063789868668], "e": [2, 0.5675422138836772], "i": [2, 0.29315196998123827], "m": [3, 0.9432457786116322], "q": [3, 0.6078799249530956], "u": [3, 0.6313320825515948], "y": [3, 0.5464352720450281], "}": [3, 0.3785178236397748]}, "pivot": [-0.42870544090056284, -0.2692307692307692], "texCoords": {" ": [0.04931640625, 0.00048828125, 0.00048828125, 0.00048828125, 0.00048828125, 0.04931640625, 0.04931640625, 0.04931640625], "$": [0.24853515625, 0.00048828125, 0.19970703125, 0.00048828125, 0.19970703125, 0.04931640625, 0.24853515625, 0.04931640625], "(": [0.19873046875, 0.05029296875, 0.14990234375, 0.05029296875, 0.14990234375, 0.09912109375, 0.19873046875, 0.09912109375], ",": [0.14892578125, 0.10009765625, 0.10009765625, 0.10009765625, 0.10009765625, 0.14892578125, 0.14892578125, 0.14892578125], "0": [0.09912109375, 0.14990234375, 0.05029296875, 0.14990234375, 0.05029296875, 0.19873046875, 0.09912109375, 0.19873046875], "4": [0.04931640625, 0.19970703125, 0.00048828125, 0.19970703125, 0.00048828125, 0.24853515625, 0.04931640625, 0.24853515625], "8": [0.24853515625, 0.19970703125, 0.19970703125, 0.19970703125, 0.19970703125, 0.24853515625, 0.24853515625, 0.24853515625], "<": [0.19873046875, 0.00048828125, 0.14990234375, 0.00048828125, 0.14990234375, 0.04931640625, 0.19873046875, 0.04931640625], "@": [0.14892578125, 0.05029296875, 0.10009765625, 0.05029296875, 0.10009765625, 0.09912109375, 0.14892578125, 0.09912109375], "D": [0.09912109375, 0.10009765625, 0.05029296875, 0.10009765625, 0.05029296875, 0.14892578125, 0.09912109375, 0.14892578125], "H": [0.04931640625, 0.14990234375, 0.00048828125, 0.14990234375, 0.00048828125, 0.19873046875, 0.04931640625, 0.19873046875], "L": [0.24853515625, 0.14990234375, 0.19970703125, 0.14990234375, 0.19970703125, 0.19873046875, 0.24853515625, 0.19873046875], "P": [0.19873046875, 0.19970703125, 0.14990234375, 0.19970703125, 0.14990234375, 0.24853515625, 0.19873046875, 0.24853515625], "T": [0.14892578125, 0.00048828125, 0.10009765625, 0.00048828125, 0.10009765625, 0.04931640625, 0.14892578125, 0.04931640625], "X": [0.09912109375, 0.05029296875, 0.05029296875, 0.05029296875, 0.05029296875, 0.09912109375, 0.09912109375, 0.09912109375], "\\": [0.04931640625, 0.10009765625, 0.00048828125, 0.10009765625, 0.00048828125, 0.14892578125, 0.04931640625, 0.14892578125], "`": [0.24853515625, 0.10009765625, 0.19970703125, 0.10009765625, 0.19970703125, 0.14892578125, 0.24853515625, 0.14892578125], "d": [0.19873046875, 0.14990234375, 0.14990234375, 0.14990234375, 0.14990234375, 0.19873046875, 0.19873046875, 0.19873046875], "h": [0.14892578125, 0.19970703125, 0.10009765625, 0.19970703125, 0.10009765625, 0.24853515625, 0.14892578125, 0.24853515625], "l": [0.09912109375, 0.00048828125, 0.05029296875, 0.00048828125, 0.05029296875, 0.04931640625, 0.09912109375, 0.04931640625], "p": [0.04931640625, 0.05029296875, 0.00048828125, 0.05029296875, 0.00048828125, 0.09912109375, 0.04931640625, 0.09912109375], "t": [0.24853515625, 0.05029296875, 0.19970703125, 0.05029296875, 0.19970703125, 0.09912109375, 0.24853515625, 0.09912109375], "x": [0.19873046875, 0.10009765625, 0.14990234375, 0.10009765625, 0.14990234375, 0.14892578125, 0.19873046875, 0.14892578125], "|": [0.14892578125, 0.14990234375, 0.10009765625, 0.14990234375, 0.10009765625, 0.19873046875, 0.14892578125, 0.19873046875], "#": [0.19873046875, 0.00048828125, 0.14990234375, 0.00048828125, 0.14990234375, 0.04931640625, 0.19873046875, 0.04931640625], "'": [0.14892578125, 0.05029296875, 0.10009765625, 0.05029296875, 0.10009765625, 0.09912109375, 0.14892578125, 0.09912109375], "+": [0.09912109375, 0.10009765625, 0.05029296875, 0.10009765625, 0.05029296875, 0.14892578125, 0.09912109375, 0.14892578125], "/": [0.04931640625, 0.14990234375, 0.00048828125, 0.14990234375, 0.00048828125, 0.19873046875, 0.04931640625, 0.19873046875], "3": [0.24853515625, 0.14990234375, 0.19970703125, 0.14990234375, 0.19970703125, 0.19873046875, 0.24853515625, 0.19873046875], "7": [0.19873046875, 0.19970703125, 0.14990234375, 0.19970703125, 0.14990234375, 0.24853515625, 0.19873046875, 0.24853515625], ";": [0.14892578125, 0.00048828125, 0.10009765625, 0.00048828125, 0.10009765625, 0.04931640625, 0.14892578125, 0.04931640625], "?": [0.09912109375, 0.05029296875, 0.05029296875, 0.05029296875, 0.05029296875, 0.09912109375, 0.09912109375, 0.09912109375], "C": [0.04931640625, 0.10009765625, 0.00048828125, 0.10009765625, 0.00048828125, 0.14892578125, 0.04931640625, 0.14892578125], "G": [0.24853515625, 0.10009765625, 0.19970703125, 0.10009765625, 0.19970703125, 0.14892578125, 0.24853515625, 0.14892578125], "K": [0.19873046875, 0.14990234375, 0.14990234375, 0.14990234375, 0.14990234375, 0.19873046875, 0.19873046875, 0.19873046875], "O": [0.14892578125, 0.19970703125, 0.10009765625, 0.19970703125, 0.10009765625, 0.24853515625, 0.14892578125, 0.24853515625], "S": [0.09912109375, 0.00048828125, 0.05029296875, 0.00048828125, 0.05029296875, 0.04931640625, 0.09912109375, 0.04931640625], "W": [0.04931640625, 0.05029296875, 0.00048828125, 0.05029296875, 0.00048828125, 0.09912109375, 0.04931640625, 0.09912109375], "[": [0.24853515625, 0.05029296875, 0.19970703125, 0.05029296875, 0.19970703125, 0.09912109375, 0.24853515625, 0.09912109375],