{"idxAdvPairs": {" ": [0, 0.20533446232006775], "$": [0, 0.5101608806096528], "(": [0, 0.36875529212531755], ",": [0, 0.22988992379339543], "0": [0, 0.5410668924640135], "4": [0, 0.5325994919559696], "8": [0, 0.5177815410668924], "<": [1, 0.5791701947502117], "@": [1, 0.8336155800169348], "D": [1, 0.6240474174428451], "H": [1, 0.6782387806943269], "L": [1, 0.5203217612193057], "P": [1, 0.5478408128704487], "T": [2, 0.5711261642675699], "X": [2, 0.5681625740897545], "\\": [2, 0.3615580016934801], "`": [2, 0.22904318374259103], "d": [2, 0.5173581710414903], "h": [2, 0.5381033022861981], "l": [3, 0.26333615580016934], "p": [3, 0.5059271803556308], "t": [3, 0.3086367485182049], "x": [3, 0.43183742591024554], "|": [3, 0.3615580016934801], "#": [0, 0.5948348856900931], "'": [0, 0.23793395427603728], "+": [0, 0.5690093141405588], "/": [0, 0.3615580016934801], "3": [0, 0.46232006773920403], "7": [0, 0.46401354784081283], ";": [1, 0.22988992379339543], "?": [1, 0.4153259949195597], "C": [1, 0.5359864521591872], "G": [1, 0.5855207451312446], "K": [1, 0.6058425063505504], "O": [1, 0.6037256562235394], "S": [2, 0.47544453852667234], "W": [2, 0.7950889077053344], "[": [2, 0.3662150719729043], "_": [2, 0.565198983911939], "c": [2, 0.3916172734970364], "g": [2, 0.5033869602032176], "k": [3, 0.47544453852667234], "o": [3, 0.4966130397967824], "s": [3, 0.3696020321761219], "w": [3, 0.7349703640982219], "{": [3, 0.4373412362404742], "\"": [0, 0.4500423370025402], "&": [0, 0.7154953429297205], "*": [0, 0.5783234546994073], ".": [0, 0.22988992379339543], "2": [0, 0.5135478408128704], "6": [0, 0.5186282811176969], ":": [1, 0.22988992379339543], ">": [1, 0.5791701947502117], "B": [1, 0.5732430143945808], "F": [1, 0.5067739204064352], "J": [1, 0.31033022861981374], "N": [1, 0.6511430990685859], "R": [2, 0.5952582557154953], "V": [2, 0.5232853513971211], "Z": [2, 0.5127011007620661], "^": [2, 0.5770533446232007], "b": [2, 0.506350550381033], "f": [2, 0.2938187976291278], "j": [2, 0.275190516511431], "n": [3, 0.5436071126164268], "r": [3, 0.35774767146486025], "v": [3, 0.45385266723116], "z": [3, 0.43056731583403896], "~": [3, 0.4813717188823031], "!": [0, 0.29762912785774764], "%": [0, 0.8090601185436072], ")": [0, 0.37087214225232856], "-": [0, 0.5406435224386114], "1": [0, 0.3911939034716342], "5": [0, 0.4707874682472481], "9": [1, 0.5275190516511431], "=": [1, 0.4500423370025402], "A": [1, 0.5702794242167655], "E": [1, 0.5385266723116003], "I": [1, 0.31329381879762913], "M": [1, 0.827688399661304], "Q": [1, 0.6054191363251482], "U": [2, 0.6041490262489415], "Y": [2, 0.5270956816257408], "]": [2, 0.3662150719729043], "a": [2, 0.5067739204064352], "e": [2, 0.451735817104149], "i": [2, 0.2785774767146486], "m": [3, 0.8149872988992379], "q": [3, 0.5059271803556308], "u": [3, 0.5283657917019475], "y": [3, 0.46104995766299744], "}": [3, 0.4373412362404742]}, "pivot": [-0.40135478408128705, -0.2781541066892464], "texCoords": {" ": [0.04931640625, 0.00048828125, 0.00048828125, 0.00048828125, 0.00048828125, 0.04931640625, 0.04931640625, 0.04931640625], "$": [0.24853515625, 0.00048828125, 0.19970703125, 0.00048828125, 0.19970703125, 0.04931640625, 0.24853515625, 0.04931640625], "(": [0.19873046875, 0.05029296875, 0.14990234375, 0.05029296875, 0.14990234375, 0.09912109375, 0.19873046875, 0.09912109375], ",": [0.14892578125, 0.10009765625, 0.10009765625, 0.10009765625, 0.10009765625, 0.14892578125, 0.14892578125, 0.14892578125], "0": [0.09912109375, 0.14990234375, 0.05029296875, 0.14990234375, 0.05029296875, 0.19873046875, 0.09912109375, 0.19873046875], "4": [0.04931640625, 0.19970703125, 0.00048828125, 0.19970703125, 0.00048828125, 0.24853515625, 0.04931640625, 0.24853515625], "8": [0.24853515625, 0.19970703125, 0.19970703125, 0.19970703125, 0.19970703125, 0.24853515625, 0.24853515625, 0.24853515625], "<": [0.19873046875, 0.00048828125, 0.14990234375, 0.00048828125, 0.14990234375, 0.04931640625, 0.19873046875, 0.04931640625], "@": [0.14892578125, 0.05029296875, 0.10009765625, 0.05029296875, 0.10009765625, 0.09912109375, 0.14892578125, 0.09912109375], "D": [0.09912109375, 0.10009765625, 0.05029296875, 0.10009765625, 0.05029296875, 0.14892578125, 0.09912109375, 0.14892578125], "H": [0.04931640625, 0.14990234375, 0.00048828125, 0.14990234375, 0.00048828125, 0.19873046875, 0.04931640625, 0.19873046875], "L": [0.24853515625, 0.14990234375, 0.19970703125, 0.14990234375, 0.19970703125, 0.19873046875, 0.24853515625, 0.19873046875], "P": [0.19873046875, 0.19970703125, 0.14990234375, 0.19970703125, 0.14990234375, 0.24853515625, 0.19873046875, 0.24853515625], "T": [0.14892578125, 0.00048828125, 0.10009765625, 0.00048828125, 0.10009765625, 0.04931640625, 0.14892578125, 0.04931640625], "X": [0.09912109375, 0.05029296875, 0.05029296875, 0.05029296875, 0.05029296875, 0.09912109375, 0.09912109375, 0.09912109375], "\\": [0.04931640625, 0.10009765625, 0.00048828125, 0.10009765625, 0.00048828125, 0.14892578125, 0.04931640625, 0.14892578125], "`": [0.24853515625, 0.10009765625, 0.19970703125, 0.10009765625, 0.19970703125, 0.14892578125, 0.24853515625, 0.14892578125], "d": [0.19873046875, 0.14990234375, 0.14990234375, 0.14990234375, 0.14990234375, 0.19873046875, 0.19873046875, 0.19873046875], "h": [0.14892578125, 0.19970703125, 0.10009765625, 0.19970703125, 0.10009765625, 0.24853515625, 0.14892578125, 0.24853515625], "l": [0.09912109375, 0.00048828125, 0.05029296875, 0.00048828125, 0.05029296875, 0.04931640625, 0.09912109375, 0.04931640625], "p": [0.04931640625, 0.05029296875, 0.00048828125, 0.05029296875, 0.00048828125, 0.09912109375, 0.04931640625, 0.09912109375], "t": [0.24853515625, 0.05029296875, 0.19970703125, 0.05029296875, 0.19970703125, 0.09912109375, 0.24853515625, 0.09912109375], "x": [0.19873046875, 0.10009765625, 0.14990234375, 0.10009765625, 0.14990234375, 0.14892578125, 0.19873046875, 0.14892578125], "|": [0.14892578125, 0.14990234375, 0.10009765625, 0.14990234375, 0.10009765625, 0.19873046875, 0.14892578125, 0.19873046875], "#": [0.19873046875, 0.00048828125, 0.14990234375, 0.00048828125, 0.14990234375, 0.04931640625, 0.19873046875, 0.04931640625], "'": [0.14892578125, 0.05029296875, 0.10009765625, 0.05029296875, 0.10009765625, 0.09912109375, 0.14892578125, 0.09912109375], "+": [0.09912109375, 0.10009765625, 0.05029296875, 0.10009765625, 0.05029296875, 0.14892578125, 0.09912109375, 0.14892578125], "/": [0.04931640625, 0.14990234375, 0.00048828125, 0.14990234375, 0.00048828125, 0.19873046875, 0.04931640625, 0.19873046875], "3": [0.24853515625, 0.14990234375, 0.19970703125, 0.14990234375, 0.19970703125, 0.19873046875, 0.24853515625, 0.19873046875], "7": [0.19873046875, 0.19970703125, 0.14990234375, 0.19970703125, 0.14990234375, 0.24853515625, 0.19873046875, 0.24853515625], ";": [0.14892578125, 0.00048828125, 0.10009765625, 0.00048828125, 0.10009765625, 0.04931640625, 0.14892578125, 0.04931640625], "?": [0.09912109375, 0.05029296875, 0.05029296875, 0.05029296875, 0.05029296875, 0.09912109375, 0.09912109375, 0.09912109375], "C": [0.04931640625, 0.10009765625, 0.00048828125, 0.10009765625, 0.00048828125, 0.14892578125, 0.04931640625, 0.14892578125], "G": [0.24853515625, 0.10009765625, 0.19970703125, 0.10009765625, 0.19970703125, 0.14892578125, 0.24853515625, 0.14892578125], "K": [0.19873046875, 0.14990234375, 0.14990234375, 0.14990234375, 0.14990234375, 0.19873046875, 0.19873046875, 0.19873046875], "O": [0.14892578125, 0.19970703125, 0.10009765625, 0.19970703125, 0.10009765625, 0.24853515625, 0.14892578125, 0.24853515625], "S": [0.09912109375, 0.00048828125, 0.05029296875, 0.00048828125, 0.05029296875, 0.04931640625, 0.09912109375, 0.04931640625], "W": [0.04931640625, 0.05029296875, 0.00048828125, 0.05029296875, 0.00048828125, 0.09912109375, 0.04931640625, 0.09912109375], "[": [0.24853515625, 0.05029296875, 0.19970703125, 0.05029296875, 0.19970703125, 0.09912109375, 0.24853515625, 0.09912109375],