{"idxAdvPairs": {" ": [0, 0.17097581317764804], "$": [0, 0.5191826522101751], "(": [0, 0.3006672226855713], ",": [0, 0.22185154295246037], "0": [0, 0.5404503753127606], "4": [0, 0.5133444537114261], "8": [0, 0.4920767306088407], "<": [1, 0.3619683069224353], "@": [1, 0.9453711426188489], "D": [1, 0.6121768140116763], "H": [1, 0.7881567973311092], "L": [1, 0.561301084236864], "P": [1, 0.5838198498748957], "T": [2, 0.5963302752293578], "X": [2, 0.6576313594662219], "\\": [2, 0.32443703085904924], "`": [2, 0.3227689741451209], "d": [2, 0.5838198498748957], "h": [2, 0.5779816513761468], "l": [3, 0.32527105921601335], "p": [3, 0.5704753961634695], "t": [3, 0.33361134278565463], "x": [3, 0.5150125104253545], "|": [3, 0.2477064220183486], "#": [0, 0.641367806505421], "'": [0, 0.14178482068390325], "+": [0, 0.512510425354462], "/": [0, 0.33653044203502913], "3": [0, 0.4532944120100083], "7": [0, 0.49624687239366133], ";": [1, 0.22477064220183485], "?": [1, 0.4970809007506255], "C": [1, 0.6480400333611342], "G": [1, 0.6822351959966639], "K": [1, 0.6901584653878231], "O": [1, 0.6755629691409507], "S": [2, 0.5191826522101751], "W": [2, 0.9829024186822352], "[": [2, 0.2793994995829858], "_": [2, 0.427022518765638], "c": [2, 0.4920767306088407], "g": [2, 0.5400333611342785], "k": [3, 0.6046705587989991], "o": [3, 0.5191826522101751], "s": [3, 0.45954962468723937], "w": [3, 0.7914929107589657], "{": [3, 0.3740617180984153], "\"": [0, 0.2714762301918265], "&": [0, 0.5575479566305254], "*": [0, 0.4203502919099249], ".": [0, 0.22060050041701415], "2": [0, 0.4912427022518765], "6": [0, 0.4849874895746455], ":": [1, 0.22477064220183485], ">": [1, 0.3448707256046706], "B": [1, 0.5779816513761468], "F": [1, 0.5362802335279399], "J": [1, 0.28607172643869894], "N": [1, 0.7080900750625522], "R": [2, 0.6380316930775646], "V": [2, 0.6380316930775646], "Z": [2, 0.5379482902418682], "^": [2, 0.512510425354462], "b": [2, 0.5442035029190992], "f": [2, 0.33986655546288574], "j": [2, 0.2589658048373645], "n": [3, 0.6088407005838198], "r": [3, 0.46288573811509587], "v": [3, 0.5241868223519599], "z": [3, 0.475396163469558], "~": [3, 0.3773978315262718], "!": [0, 0.29024186822351955], "%": [0, 0.7643869891576313], ")": [0, 0.3006672226855713], "-": [0, 0.3211009174311926], "1": [0, 0.33986655546288574], "5": [0, 0.5029190992493744], "9": [1, 0.47998331943286066], "=": [1, 0.414929107589658], "A": [1, 0.621768140116764], "E": [1, 0.5754795663052543], "I": [1, 0.33778148457047535], "M": [1, 0.9778982485404503], "Q": [1, 0.6814011676396997], "U": [2, 0.6509591326105086], "Y": [2, 0.640533778148457], "]": [2, 0.2793994995829858], "a": [2, 0.5337781484570475], "e": [2, 0.4945788156797331], "i": [2, 0.329441201000834], "m": [3, 0.8990825688073394], "q": [3, 0.5558798999165971], "u": [3, 0.5879899916597163], "y": [3, 0.5175145954962468], "}": [3, 0.3740617180984153]}, "pivot": [-0.4745621351125939, -0.28648874061718105], "texCoords": {" ": [0.04931640625, 0.00048828125, 0.00048828125, 0.00048828125, 0.00048828125, 0.04931640625, 0.04931640625, 0.04931640625], "$": [0.24853515625, 0.00048828125, 0.19970703125, 0.00048828125, 0.19970703125, 0.04931640625, 0.24853515625, 0.04931640625], "(": [0.19873046875, 0.05029296875, 0.14990234375, 0.05029296875, 0.14990234375, 0.09912109375, 0.19873046875, 0.09912109375], ",": [0.14892578125, 0.10009765625, 0.10009765625, 0.10009765625, 0.10009765625, 0.14892578125, 0.14892578125, 0.14892578125], "0": [0.09912109375, 0.14990234375, 0.05029296875, 0.14990234375, 0.05029296875, 0.19873046875, 0.09912109375, 0.19873046875], "4": [0.04931640625, 0.19970703125, 0.00048828125, 0.19970703125, 0.00048828125, 0.24853515625, 0.04931640625, 0.24853515625], "8": [0.24853515625, 0.19970703125, 0.19970703125, 0.19970703125, 0.19970703125, 0.24853515625, 0.24853515625, 0.24853515625], "<": [0.19873046875, 0.00048828125, 0.14990234375, 0.00048828125, 0.14990234375, 0.04931640625, 0.19873046875, 0.04931640625], "@": [0.14892578125, 0.05029296875, 0.10009765625, 0.05029296875, 0.10009765625, 0.09912109375, 0.14892578125, 0.09912109375], "D": [0.09912109375, 0.10009765625, 0.05029296875, 0.10009765625, 0.05029296875, 0.14892578125, 0.09912109375, 0.14892578125], "H": [0.04931640625, 0.14990234375, 0.00048828125, 0.14990234375, 0.00048828125, 0.19873046875, 0.04931640625, 0.19873046875], "L": [0.24853515625, 0.14990234375, 0.19970703125, 0.14990234375, 0.19970703125, 0.19873046875, 0.24853515625, 0.19873046875], "P": [0.19873046875, 0.19970703125, 0.14990234375, 0.19970703125, 0.14990234375, 0.24853515625, 0.19873046875, 0.24853515625], "T": [0.14892578125, 0.00048828125, 0.10009765625, 0.00048828125, 0.10009765625, 0.04931640625, 0.14892578125, 0.04931640625], "X": [0.09912109375, 0.05029296875, 0.05029296875, 0.05029296875, 0.05029296875, 0.09912109375, 0.09912109375, 0.09912109375], "\\": [0.04931640625, 0.10009765625, 0.00048828125, 0.10009765625, 0.00048828125, 0.14892578125, 0.04931640625, 0.14892578125], "`": [0.24853515625, 0.10009765625, 0.19970703125, 0.10009765625, 0.19970703125, 0.14892578125, 0.24853515625, 0.14892578125], "d": [0.19873046875, 0.14990234375, 0.14990234375, 0.14990234375, 0.14990234375, 0.19873046875, 0.19873046875, 0.19873046875], "h": [0.14892578125, 0.19970703125, 0.10009765625, 0.19970703125, 0.10009765625, 0.24853515625, 0.14892578125, 0.24853515625], "l": [0.09912109375, 0.00048828125, 0.05029296875, 0.00048828125, 0.05029296875, 0.04931640625, 0.09912109375, 0.04931640625], "p": [0.04931640625, 0.05029296875, 0.00048828125, 0.05029296875, 0.00048828125, 0.09912109375, 0.04931640625, 0.09912109375], "t": [0.24853515625, 0.05029296875, 0.19970703125, 0.05029296875, 0.19970703125, 0.09912109375, 0.24853515625, 0.09912109375], "x": [0.19873046875, 0.10009765625, 0.14990234375, 0.10009765625, 0.14990234375, 0.14892578125, 0.19873046875, 0.14892578125], "|": [0.14892578125, 0.14990234375, 0.10009765625, 0.14990234375, 0.10009765625, 0.19873046875, 0.14892578125, 0.19873046875], "#": [0.19873046875, 0.00048828125, 0.14990234375, 0.00048828125, 0.14990234375, 0.04931640625, 0.19873046875, 0.04931640625], "'": [0.14892578125, 0.05029296875, 0.10009765625, 0.05029296875, 0.10009765625, 0.09912109375, 0.14892578125, 0.09912109375], "+": [0.09912109375, 0.10009765625, 0.05029296875, 0.10009765625, 0.05029296875, 0.14892578125, 0.09912109375, 0.14892578125], "/": [0.04931640625, 0.14990234375, 0.00048828125, 0.14990234375, 0.00048828125, 0.19873046875, 0.04931640625, 0.19873046875], "3": [0.24853515625, 0.14990234375, 0.19970703125, 0.14990234375, 0.19970703125, 0.19873046875, 0.24853515625, 0.19873046875], "7": [0.19873046875, 0.19970703125, 0.14990234375, 0.19970703125, 0.14990234375, 0.24853515625, 0.19873046875, 0.24853515625], ";": [0.14892578125, 0.00048828125, 0.10009765625, 0.00048828125, 0.10009765625, 0.04931640625, 0.14892578125, 0.04931640625], "?": [0.09912109375, 0.05029296875, 0.05029296875, 0.05029296875, 0.05029296875, 0.09912109375, 0.09912109375, 0.09912109375], "C": [0.04931640625, 0.10009765625, 0.00048828125, 0.10009765625, 0.00048828125, 0.14892578125, 0.04931640625, 0.14892578125], "G": [0.24853515625, 0.10009765625, 0.19970703125, 0.10009765625, 0.19970703125, 0.14892578125, 0.24853515625, 0.14892578125], "K": [0.19873046875, 0.14990234375, 0.14990234375, 0.14990234375, 0.14990234375, 0.19873046875, 0.19873046875, 0.19873046875], "O": [0.14892578125, 0.19970703125, 0.10009765625, 0.19970703125, 0.10009765625, 0.24853515625, 0.14892578125, 0.24853515625], "S": [0.09912109375, 0.00048828125, 0.05029296875, 0.00048828125, 0.05029296875, 0.04931640625, 0.09912109375, 0.04931640625], "W": [0.04931640625, 0.05029296875, 0.00048828125, 0.05029296875, 0.00048828125, 0.09912109375, 0.04931640625, 0.09912109375], "[": [0.24853515625, 0.05029296875, 0.19970703125, 0.05029296875, 0.19970703125, 0.09912109375, 0.24853515625, 0.09912109375],