{"idxAdvPairs": {" ": [0, 0.22633744855967078], "$": [0, 0.44567901234567897], "(": [0, 0.2917695473251029], ",": [0, 0.26296296296296295], "0": [0, 0.4839506172839506], "4": [0, 0.4139917695473251], "8": [0, 0.4242798353909465], "<": [1, 0.47242798353909465], "@": [1, 0.7666666666666667], "D": [1, 0.5493827160493827], "H": [1, 0.597119341563786], "L": [1, 0.4016460905349794], "P": [1, 0.4551440329218107], "T": [2, 0.4271604938271605], "X": [2, 0.5156378600823045], "\\": [2, 0.345679012345679], "`": [2, 0.3037037037037037], "d": [2, 0.4777777777777778], "h": [2, 0.5197530864197532], "l": [3, 0.2551440329218107], "p": [3, 0.47407407407407404], "t": [3, 0.3148148148148148], "x": [3, 0.41934156378600823], "|": [3, 0.2625514403292181], "#": [0, 0.5518518518518518], "'": [0, 0.1683127572016461], "+": [0, 0.42921810699588475], "/": [0, 0.36172839506172844], "3": [0, 0.40987654320987654], "7": [0, 0.3748971193415638], ";": [1, 0.2888888888888889], "?": [1, 0.44567901234567897], "C": [1, 0.47860082304526746], "G": [1, 0.5246913580246914], "K": [1, 0.5234567901234568], "O": [1, 0.5539094650205761], "S": [2, 0.4308641975308642], "W": [2, 0.8345679012345678], "[": [2, 0.28641975308641976], "_": [2, 0.4016460905349794], "c": [2, 0.3810699588477366], "g": [2, 0.45843621399176954], "k": [3, 0.45679012345679015], "o": [3, 0.4481481481481482], "s": [3, 0.37983539094650204], "w": [3, 0.6440329218106996], "{": [3, 0.33744855967078186], "\"": [0, 0.30329218106995887], "&": [0, 0.6041152263374486], "*": [0, 0.38559670781893], ".": [0, 0.24897119341563786], "2": [0, 0.40781893004115227], "6": [0, 0.43168724279835385], ":": [1, 0.2810699588477366], ">": [1, 0.47242798353909465], "B": [1, 0.46995884773662555], "F": [1, 0.42592592592592593], "J": [1, 0.3662551440329218], "N": [1, 0.6271604938271605], "R": [2, 0.494238683127572], "V": [2, 0.5065843621399178], "Z": [2, 0.46995884773662555], "^": [2, 0.351440329218107], "b": [2, 0.4596707818930041], "f": [2, 0.26666666666666666], "j": [2, 0.23827160493827163], "n": [3, 0.5263374485596708], "r": [3, 0.38065843621399176], "v": [3, 0.3921810699588477], "z": [3, 0.3921810699588477], "~": [3, 0.45390946502057616], "!": [0, 0.2547325102880658], "%": [0, 0.6707818930041153], ")": [0, 0.2872427983539094], "-": [0, 0.4172839506172839], "1": [0, 0.30246913580246915], "5": [0, 0.4304526748971193], "9": [1, 0.43415637860082307], "=": [1, 0.4534979423868312], "A": [1, 0.4777777777777778], "E": [1, 0.4794238683127572], "I": [1, 0.26213991769547323], "M": [1, 0.7687242798353909], "Q": [1, 0.5580246913580247], "U": [2, 0.5695473251028806], "Y": [2, 0.44691358024691363], "]": [2, 0.28641975308641976], "a": [2, 0.47654320987654325], "e": [2, 0.38559670781893], "i": [2, 0.26213991769547323], "m": [3, 0.7954732510288066], "q": [3, 0.45226337448559667], "u": [3, 0.5197530864197532], "y": [3, 0.49547325102880657], "}": [3, 0.337037037037037]}, "pivot": [-0.38559670781893, -0.2790123456790124], "texCoords": {" ": [0.04931640625, 0.00048828125, 0.00048828125, 0.00048828125, 0.00048828125, 0.04931640625, 0.04931640625, 0.04931640625], "$": [0.24853515625, 0.00048828125, 0.19970703125, 0.00048828125, 0.19970703125, 0.04931640625, 0.24853515625, 0.04931640625], "(": [0.19873046875, 0.05029296875, 0.14990234375, 0.05029296875, 0.14990234375, 0.09912109375, 0.19873046875, 0.09912109375], ",": [0.14892578125, 0.10009765625, 0.10009765625, 0.10009765625, 0.10009765625, 0.14892578125, 0.14892578125, 0.14892578125], "0": [0.09912109375, 0.14990234375, 0.05029296875, 0.14990234375, 0.05029296875, 0.19873046875, 0.09912109375, 0.19873046875], "4": [0.04931640625, 0.19970703125, 0.00048828125, 0.19970703125, 0.00048828125, 0.24853515625, 0.04931640625, 0.24853515625], "8": [0.24853515625, 0.19970703125, 0.19970703125, 0.19970703125, 0.19970703125, 0.24853515625, 0.24853515625, 0.24853515625], "<": [0.19873046875, 0.00048828125, 0.14990234375, 0.00048828125, 0.14990234375, 0.04931640625, 0.19873046875, 0.04931640625], "@": [0.14892578125, 0.05029296875, 0.10009765625, 0.05029296875, 0.10009765625, 0.09912109375, 0.14892578125, 0.09912109375], "D": [0.09912109375, 0.10009765625, 0.05029296875, 0.10009765625, 0.05029296875, 0.14892578125, 0.09912109375, 0.14892578125], "H": [0.04931640625, 0.14990234375, 0.00048828125, 0.14990234375, 0.00048828125, 0.19873046875, 0.04931640625, 0.19873046875], "L": [0.24853515625, 0.14990234375, 0.19970703125, 0.14990234375, 0.19970703125, 0.19873046875, 0.24853515625, 0.19873046875], "P": [0.19873046875, 0.19970703125, 0.14990234375, 0.19970703125, 0.14990234375, 0.24853515625, 0.19873046875, 0.24853515625], "T": [0.14892578125, 0.00048828125, 0.10009765625, 0.00048828125, 0.10009765625, 0.04931640625, 0.14892578125, 0.04931640625], "X": [0.09912109375, 0.05029296875, 0.05029296875, 0.05029296875, 0.05029296875, 0.09912109375, 0.09912109375, 0.09912109375], "\\": [0.04931640625, 0.10009765625, 0.00048828125, 0.10009765625, 0.00048828125, 0.14892578125, 0.04931640625, 0.14892578125], "`": [0.24853515625, 0.10009765625, 0.19970703125, 0.10009765625, 0.19970703125, 0.14892578125, 0.24853515625, 0.14892578125], "d": [0.19873046875, 0.14990234375, 0.14990234375, 0.14990234375, 0.14990234375, 0.19873046875, 0.19873046875, 0.19873046875], "h": [0.14892578125, 0.19970703125, 0.10009765625, 0.19970703125, 0.10009765625, 0.24853515625, 0.14892578125, 0.24853515625], "l": [0.09912109375, 0.00048828125, 0.05029296875, 0.00048828125, 0.05029296875, 0.04931640625, 0.09912109375, 0.04931640625], "p": [0.04931640625, 0.05029296875, 0.00048828125, 0.05029296875, 0.00048828125, 0.09912109375, 0.04931640625, 0.09912109375], "t": [0.24853515625, 0.05029296875, 0.19970703125, 0.05029296875, 0.19970703125, 0.09912109375, 0.24853515625, 0.09912109375], "x": [0.19873046875, 0.10009765625, 0.14990234375, 0.10009765625, 0.14990234375, 0.14892578125, 0.19873046875, 0.14892578125], "|": [0.14892578125, 0.14990234375, 0.10009765625, 0.14990234375, 0.10009765625, 0.19873046875, 0.14892578125, 0.19873046875], "#": [0.19873046875, 0.00048828125, 0.14990234375, 0.00048828125, 0.14990234375, 0.04931640625, 0.19873046875, 0.04931640625], "'": [0.14892578125, 0.05029296875, 0.10009765625, 0.05029296875, 0.10009765625, 0.09912109375, 0.14892578125, 0.09912109375], "+": [0.09912109375, 0.10009765625, 0.05029296875, 0.10009765625, 0.05029296875, 0.14892578125, 0.09912109375, 0.14892578125], "/": [0.04931640625, 0.14990234375, 0.00048828125, 0.14990234375, 0.00048828125, 0.19873046875, 0.04931640625, 0.19873046875], "3": [0.24853515625, 0.14990234375, 0.19970703125, 0.14990234375, 0.19970703125, 0.19873046875, 0.24853515625, 0.19873046875], "7": [0.19873046875, 0.19970703125, 0.14990234375, 0.19970703125, 0.14990234375, 0.24853515625, 0.19873046875, 0.24853515625], ";": [0.14892578125, 0.00048828125, 0.10009765625, 0.00048828125, 0.10009765625, 0.04931640625, 0.14892578125, 0.04931640625], "?": [0.09912109375, 0.05029296875, 0.05029296875, 0.05029296875, 0.05029296875, 0.09912109375, 0.09912109375, 0.09912109375], "C": [0.04931640625, 0.10009765625, 0.00048828125, 0.10009765625, 0.00048828125, 0.14892578125, 0.04931640625, 0.14892578125], "G": [0.24853515625, 0.10009765625, 0.19970703125, 0.10009765625, 0.19970703125, 0.14892578125, 0.24853515625, 0.14892578125], "K": [0.19873046875, 0.14990234375, 0.14990234375, 0.14990234375, 0.14990234375, 0.19873046875, 0.19873046875, 0.19873046875], "O": [0.14892578125, 0.19970703125, 0.10009765625, 0.19970703125, 0.10009765625, 0.24853515625, 0.14892578125, 0.24853515625], "S": [0.09912109375, 0.00048828125, 0.05029296875, 0.00048828125, 0.05029296875, 0.04931640625, 0.09912109375, 0.04931640625], "W": [0.04931640625, 0.05029296875, 0.00048828125, 0.05029296875, 0.00048828125, 0.09912109375, 0.04931640625, 0.09912109375], "[": [0.24853515625, 0.05029296875, 0.19970703125, 0.05029296875, 0.19970703125, 0.09912109375, 0.24853515625, 0.09912109375],