{"star6pt":{"whRatio":0.8660254037844387,"pivot":[0.0,0.0],"texCoords":[0.060546875,0.064453125,0.001953125,0.064453125,0.001953125,0.123046875,0.060546875,0.123046875]},"trapezoid":{"whRatio":1.0,"pivot":[0.0,0.0],"texCoords":[0.123046875,0.064453125,0.064453125,0.064453125,0.064453125,0.123046875,0.123046875,0.123046875]},"arrow":{"whRatio":1.0,"pivot":[0.0,0.0],"texCoords":[0.060546875,0.001953125,0.001953125,0.001953125,0.001953125,0.060546875,0.060546875,0.060546875]},"parallelogram":{"whRatio":1.0,"pivot":[0.0,0.0],"texCoords":[0.560546875,0.001953125,0.501953125,0.001953125,0.501953125,0.060546875,0.560546875,0.060546875]},"star5ptround":{"whRatio":1.0514622242382674,"pivot":[0.0,-0.04487148434799999],"texCoords":[0.998046875,0.001953125,0.939453125,0.001953125,0.939453125,0.060546875,0.998046875,0.060546875]},"arrowchevron":{"whRatio":1.0,"pivot":[0.0,0.0],"texCoords":[0.123046875,0.001953125,0.064453125,0.001953125,0.064453125,0.060546875,0.123046875,0.060546875]},"hexagon":{"whRatio":1.1547005383792512,"pivot":[0.0,0.0],"texCoords":[0.435546875,0.001953125,0.376953125,0.001953125,0.376953125,0.060546875,0.435546875,0.060546875]},"star4pt":{"whRatio":1.0,"pivot":[0.0,0.0],"texCoords":[0.873046875,0.001953125,0.814453125,0.001953125,0.814453125,0.060546875,0.873046875,0.060546875]},"star5pt":{"whRatio":1.0514622242382674,"pivot":[0.0,-0.05278640450004207],"texCoords":[0.935546875,0.001953125,0.876953125,0.001953125,0.876953125,0.060546875,0.935546875,0.060546875]},"heart":{"whRatio":1.0,"pivot":[0.0,0.0],"texCoords":[0.373046875,0.001953125,0.314453125,0.001953125,0.314453125,0.060546875,0.373046875,0.060546875]},"triangle":{"whRatio":1.1547005383792512,"pivot":[0.0,-0.16666666666666666],"texCoords":[0.185546875,0.064453125,0.126953125,0.064453125,0.126953125,0.123046875,0.185546875,0.123046875]},"star3pt":{"whRatio":1.1547005383792512,"pivot":[0.0,-0.16666666666666666],"texCoords":[0.810546875,0.001953125,0.751953125,0.001953125,0.751953125,0.060546875,0.810546875,0.060546875]},"arrownotched":{"whRatio":1.0,"pivot":[0.0,0.0],"texCoords":[0.185546875,0.001953125,0.126953125,0.001953125,0.126953125,0.060546875,0.185546875,0.060546875]},"righttriangle":{"whRatio":1.0,"pivot":[0.0,0.0],"texCoords":[0.748046875,0.001953125,0.689453125,0.001953125,0.689453125,0.060546875,0.748046875,0.060546875]},"octagon":{"whRatio":1.0,"pivot":[0.0,0.0],"texCoords":[0.498046875,0.001953125,0.439453125,0.001953125,0.439453125,0.060546875,0.498046875,0.060546875]},"arrowpentagon":{"whRatio":1.0,"pivot":[0.0,0.0],"texCoords":[0.248046875,0.001953125,0.189453125,0.001953125,0.189453125,0.060546875,0.248046875,0.060546875]},"ellipse":{"whRatio":1.0,"pivot":[0.0,0.0],"texCoords":[0.310546875,0.001953125,0.251953125,0.001953125,0.251953125,0.060546875,0.310546875,0.060546875]},"rectangle":{"whRatio":1.0,"pivot":[0.0,0.0],"texCoords":[0.685546875,0.001953125,0.626953125,0.001953125,0.626953125,0.060546875,0.685546875,0.060546875]},"pentagon":{"whRatio":1.0514622242382674,"pivot":[0.0,-0.05278640450004207],"texCoords":[0.623046875,0.001953125,0.564453125,0.001953125,0.564453125,0.060546875,0.623046875,0.060546875]}}