{"idxAdvPairs": {" ": [0, 0.21868787276341947], "$": [0, 0.4393638170974155], "(": [0, 0.29184890656063617], ",": [0, 0.24930417495029822], "0": [0, 0.5073558648111333], "4": [0, 0.43817097415506956], "8": [0, 0.4469184890656064], "<": [1, 0.45646123260437377], "@": [1, 0.7642147117296223], "D": [1, 0.5717693836978132], "H": [1, 0.6079522862823061], "L": [1, 0.4107355864811133], "P": [1, 0.4679920477137177], "T": [2, 0.45646123260437377], "X": [2, 0.5125248508946322], "\\": [2, 0.30616302186878724], "`": [2, 0.3292246520874752], "d": [2, 0.490258449304175], "h": [2, 0.5351888667992047], "l": [3, 0.26481113320079525], "p": [3, 0.4950298210735587], "t": [3, 0.32644135188866796], "x": [3, 0.45288270377733597], "|": [3, 0.29741550695825053], "#": [0, 0.5200795228628231], "'": [0, 0.17216699801192842], "+": [0, 0.42664015904572566], "/": [0, 0.3204771371769384], "3": [0, 0.4143141153081511], "7": [0, 0.4135188866799205], ";": [1, 0.2540755467196819], "?": [1, 0.4377733598409543], "C": [1, 0.4842942345924453], "G": [1, 0.5391650099403579], "K": [1, 0.5351888667992047], "O": [1, 0.5685884691848906], "S": [2, 0.4783300198807157], "W": [2, 0.8393638170974156], "[": [2, 0.2687872763419483], "_": [2, 0.41590457256461233], "c": [2, 0.3836978131212724], "g": [2, 0.4640159045725646], "k": [3, 0.48667992047713715], "o": [3, 0.4640159045725646], "s": [3, 0.4067594433399603], "w": [3, 0.6938369781312127], "{": [3, 0.3320079522862823], "\"": [0, 0.2866799204771372], "&": [0, 0.5920477137176938], "*": [0, 0.3065606361829026], ".": [0, 0.2242544731610338], "2": [0, 0.431013916500994], "6": [0, 0.46322067594433397], ":": [1, 0.24652087475149106], ">": [1, 0.45646123260437377], "B": [1, 0.48389662027833], "F": [1, 0.4341948310139165], "J": [1, 0.3725646123260437], "N": [1, 0.6159045725646124], "R": [2, 0.5085487077534792], "V": [2, 0.521272365805169], "Z": [2, 0.49383697813121274], "^": [2, 0.3912524850894632], "b": [2, 0.4834990059642147], "f": [2, 0.2966202783300199], "j": [2, 0.2628230616302187], "n": [3, 0.5415506958250497], "r": [3, 0.38886679920477135], "v": [3, 0.4226640159045726], "z": [3, 0.4242544731610338], "~": [3, 0.5133200795228628], "!": [0, 0.2560636182902585], "%": [0, 0.646520874751491], ")": [0, 0.300596421471173], "-": [0, 0.4067594433399603], "1": [0, 0.32365805168986084], "5": [0, 0.45009940357852884], "9": [1, 0.4532803180914513], "=": [1, 0.45009940357852884], "A": [1, 0.5077534791252485], "E": [1, 0.495427435387674], "I": [1, 0.2803180914512923], "M": [1, 0.8091451292246521], "Q": [1, 0.5725646123260437], "U": [2, 0.5773359840954274], "Y": [2, 0.4620278330019881], "]": [2, 0.2687872763419483], "a": [2, 0.49463220675944336], "e": [2, 0.4067594433399603], "i": [2, 0.27992047713717694], "m": [3, 0.8011928429423459], "q": [3, 0.4667992047713718], "u": [3, 0.5343936381709742], "y": [3, 0.5101391650099404], "}": [3, 0.33161033797216705]}, "pivot": [-0.3886679920477137, -0.2864811133200794], "texCoords": {" ": [0.04931640625, 0.00048828125, 0.00048828125, 0.00048828125, 0.00048828125, 0.04931640625, 0.04931640625, 0.04931640625], "$": [0.24853515625, 0.00048828125, 0.19970703125, 0.00048828125, 0.19970703125, 0.04931640625, 0.24853515625, 0.04931640625], "(": [0.19873046875, 0.05029296875, 0.14990234375, 0.05029296875, 0.14990234375, 0.09912109375, 0.19873046875, 0.09912109375], ",": [0.14892578125, 0.10009765625, 0.10009765625, 0.10009765625, 0.10009765625, 0.14892578125, 0.14892578125, 0.14892578125], "0": [0.09912109375, 0.14990234375, 0.05029296875, 0.14990234375, 0.05029296875, 0.19873046875, 0.09912109375, 0.19873046875], "4": [0.04931640625, 0.19970703125, 0.00048828125, 0.19970703125, 0.00048828125, 0.24853515625, 0.04931640625, 0.24853515625], "8": [0.24853515625, 0.19970703125, 0.19970703125, 0.19970703125, 0.19970703125, 0.24853515625, 0.24853515625, 0.24853515625], "<": [0.19873046875, 0.00048828125, 0.14990234375, 0.00048828125, 0.14990234375, 0.04931640625, 0.19873046875, 0.04931640625], "@": [0.14892578125, 0.05029296875, 0.10009765625, 0.05029296875, 0.10009765625, 0.09912109375, 0.14892578125, 0.09912109375], "D": [0.09912109375, 0.10009765625, 0.05029296875, 0.10009765625, 0.05029296875, 0.14892578125, 0.09912109375, 0.14892578125], "H": [0.04931640625, 0.14990234375, 0.00048828125, 0.14990234375, 0.00048828125, 0.19873046875, 0.04931640625, 0.19873046875], "L": [0.24853515625, 0.14990234375, 0.19970703125, 0.14990234375, 0.19970703125, 0.19873046875, 0.24853515625, 0.19873046875], "P": [0.19873046875, 0.19970703125, 0.14990234375, 0.19970703125, 0.14990234375, 0.24853515625, 0.19873046875, 0.24853515625], "T": [0.14892578125, 0.00048828125, 0.10009765625, 0.00048828125, 0.10009765625, 0.04931640625, 0.14892578125, 0.04931640625], "X": [0.09912109375, 0.05029296875, 0.05029296875, 0.05029296875, 0.05029296875, 0.09912109375, 0.09912109375, 0.09912109375], "\\": [0.04931640625, 0.10009765625, 0.00048828125, 0.10009765625, 0.00048828125, 0.14892578125, 0.04931640625, 0.14892578125], "`": [0.24853515625, 0.10009765625, 0.19970703125, 0.10009765625, 0.19970703125, 0.14892578125, 0.24853515625, 0.14892578125], "d": [0.19873046875, 0.14990234375, 0.14990234375, 0.14990234375, 0.14990234375, 0.19873046875, 0.19873046875, 0.19873046875], "h": [0.14892578125, 0.19970703125, 0.10009765625, 0.19970703125, 0.10009765625, 0.24853515625, 0.14892578125, 0.24853515625], "l": [0.09912109375, 0.00048828125, 0.05029296875, 0.00048828125, 0.05029296875, 0.04931640625, 0.09912109375, 0.04931640625], "p": [0.04931640625, 0.05029296875, 0.00048828125, 0.05029296875, 0.00048828125, 0.09912109375, 0.04931640625, 0.09912109375], "t": [0.24853515625, 0.05029296875, 0.19970703125, 0.05029296875, 0.19970703125, 0.09912109375, 0.24853515625, 0.09912109375], "x": [0.19873046875, 0.10009765625, 0.14990234375, 0.10009765625, 0.14990234375, 0.14892578125, 0.19873046875, 0.14892578125], "|": [0.14892578125, 0.14990234375, 0.10009765625, 0.14990234375, 0.10009765625, 0.19873046875, 0.14892578125, 0.19873046875], "#": [0.19873046875, 0.00048828125, 0.14990234375, 0.00048828125, 0.14990234375, 0.04931640625, 0.19873046875, 0.04931640625], "'": [0.14892578125, 0.05029296875, 0.10009765625, 0.05029296875, 0.10009765625, 0.09912109375, 0.14892578125, 0.09912109375], "+": [0.09912109375, 0.10009765625, 0.05029296875, 0.10009765625, 0.05029296875, 0.14892578125, 0.09912109375, 0.14892578125], "/": [0.04931640625, 0.14990234375, 0.00048828125, 0.14990234375, 0.00048828125, 0.19873046875, 0.04931640625, 0.19873046875], "3": [0.24853515625, 0.14990234375, 0.19970703125, 0.14990234375, 0.19970703125, 0.19873046875, 0.24853515625, 0.19873046875], "7": [0.19873046875, 0.19970703125, 0.14990234375, 0.19970703125, 0.14990234375, 0.24853515625, 0.19873046875, 0.24853515625], ";": [0.14892578125, 0.00048828125, 0.10009765625, 0.00048828125, 0.10009765625, 0.04931640625, 0.14892578125, 0.04931640625], "?": [0.09912109375, 0.05029296875, 0.05029296875, 0.05029296875, 0.05029296875, 0.09912109375, 0.09912109375, 0.09912109375], "C": [0.04931640625, 0.10009765625, 0.00048828125, 0.10009765625, 0.00048828125, 0.14892578125, 0.04931640625, 0.14892578125], "G": [0.24853515625, 0.10009765625, 0.19970703125, 0.10009765625, 0.19970703125, 0.14892578125, 0.24853515625, 0.14892578125], "K": [0.19873046875, 0.14990234375, 0.14990234375, 0.14990234375, 0.14990234375, 0.19873046875, 0.19873046875, 0.19873046875], "O": [0.14892578125, 0.19970703125, 0.10009765625, 0.19970703125, 0.10009765625, 0.24853515625, 0.14892578125, 0.24853515625], "S": [0.09912109375, 0.00048828125, 0.05029296875, 0.00048828125, 0.05029296875, 0.04931640625, 0.09912109375, 0.04931640625], "W": [0.04931640625, 0.05029296875, 0.00048828125, 0.05029296875, 0.00048828125, 0.09912109375, 0.04931640625, 0.09912109375], "[": [0.24853515625, 0.05029296875, 0.19970703125, 0.05029296875, 0.19970703125, 0.09912109375, 0.24853515625, 0.09912109375],