{"idxAdvPairs": {" ": [0, 0.2235973597359736], "$": [0, 0.49504950495049505], "(": [0, 0.29042904290429045], ",": [0, 0.20462046204620463], "0": [0, 0.49504950495049505], "4": [0, 0.49504950495049505], "8": [0, 0.49504950495049505], "<": [1, 0.49504950495049505], "@": [1, 0.7706270627062706], "D": [1, 0.6221122112211221], "H": [1, 0.6320132013201321], "L": [1, 0.45792079207920794], "P": [1, 0.5445544554455446], "T": [2, 0.5057755775577558], "X": [2, 0.5478547854785478], "\\": [2, 0.25742574257425743], "`": [2, 0.24752475247524752], "d": [2, 0.49587458745874585], "h": [2, 0.48267326732673266], "l": [3, 0.20957095709570958], "p": [3, 0.49587458745874585], "t": [3, 0.30445544554455445], "x": [3, 0.438943894389439], "|": [3, 0.23019801980198018], "#": [0, 0.49504950495049505], "'": [0, 0.19966996699669967], "+": [0, 0.49504950495049505], "/": [0, 0.25825082508250824], "3": [0, 0.49504950495049505], "7": [0, 0.49504950495049505], ";": [1, 0.20462046204620463], "?": [1, 0.3787128712871287], "C": [1, 0.5594059405940593], "G": [1, 0.6047854785478548], "K": [1, 0.5445544554455446], "O": [1, 0.6427392739273927], "S": [2, 0.5264026402640264], "W": [2, 0.9158415841584159], "[": [2, 0.2896039603960396], "_": [2, 0.41254125412541254], "c": [2, 0.40264026402640263], "g": [2, 0.49917491749174914], "k": [3, 0.44224422442244227], "o": [3, 0.47442244224422436], "s": [3, 0.4001650165016502], "w": [3, 0.7062706270627062], "{": [3, 0.3201320132013201], "\"": [0, 0.37211221122112215], "&": [0, 0.5618811881188119], "*": [0, 0.3729372937293729], ".": [0, 0.20462046204620463], "2": [0, 0.49587458745874585], "6": [0, 0.49504950495049505], ":": [1, 0.20462046204620463], ">": [1, 0.49504950495049505], "B": [1, 0.5635313531353136], "F": [1, 0.46699669966996704], "J": [1, 0.29537953795379535], "N": [1, 0.6163366336633663], "R": [2, 0.5734323432343235], "V": [2, 0.5891089108910891], "Z": [2, 0.4966996699669967], "^": [2, 0.49504950495049505], "b": [2, 0.49587458745874585], "f": [2, 0.29537953795379535], "j": [2, 0.20957095709570958], "n": [3, 0.48267326732673266], "r": [3, 0.31600660066006603], "v": [3, 0.43399339933993397], "z": [3, 0.4207920792079208], "~": [3, 0.49504950495049505], "!": [0, 0.20462046204620463], "%": [0, 0.7797029702970297], ")": [0, 0.29042904290429045], "-": [0, 0.3580858085808581], "1": [0, 0.49504950495049505], "5": [0, 0.49504950495049505], "9": [1, 0.49504950495049505], "=": [1, 0.49504950495049505], "A": [1, 0.6122112211221122], "E": [1, 0.485973597359736], "I": [1, 0.23184818481848185], "M": [1, 0.6938943894389439], "Q": [1, 0.6427392739273927], "U": [2, 0.6047854785478548], "Y": [2, 0.514026402640264], "]": [2, 0.2896039603960396], "a": [2, 0.44554455445544555], "e": [2, 0.4381188118811881], "i": [2, 0.20957095709570958], "m": [3, 0.7202970297029703], "q": [3, 0.49587458745874585], "u": [3, 0.47772277227722776], "y": [3, 0.43399339933993397], "}": [3, 0.3201320132013201]}, "pivot": [-0.4051155115511551, -0.34405940594059403], "texCoords": {" ": [0.04931640625, 0.00048828125, 0.00048828125, 0.00048828125, 0.00048828125, 0.04931640625, 0.04931640625, 0.04931640625], "$": [0.24853515625, 0.00048828125, 0.19970703125, 0.00048828125, 0.19970703125, 0.04931640625, 0.24853515625, 0.04931640625], "(": [0.19873046875, 0.05029296875, 0.14990234375, 0.05029296875, 0.14990234375, 0.09912109375, 0.19873046875, 0.09912109375], ",": [0.14892578125, 0.10009765625, 0.10009765625, 0.10009765625, 0.10009765625, 0.14892578125, 0.14892578125, 0.14892578125], "0": [0.09912109375, 0.14990234375, 0.05029296875, 0.14990234375, 0.05029296875, 0.19873046875, 0.09912109375, 0.19873046875], "4": [0.04931640625, 0.19970703125, 0.00048828125, 0.19970703125, 0.00048828125, 0.24853515625, 0.04931640625, 0.24853515625], "8": [0.24853515625, 0.19970703125, 0.19970703125, 0.19970703125, 0.19970703125, 0.24853515625, 0.24853515625, 0.24853515625], "<": [0.19873046875, 0.00048828125, 0.14990234375, 0.00048828125, 0.14990234375, 0.04931640625, 0.19873046875, 0.04931640625], "@": [0.14892578125, 0.05029296875, 0.10009765625, 0.05029296875, 0.10009765625, 0.09912109375, 0.14892578125, 0.09912109375], "D": [0.09912109375, 0.10009765625, 0.05029296875, 0.10009765625, 0.05029296875, 0.14892578125, 0.09912109375, 0.14892578125], "H": [0.04931640625, 0.14990234375, 0.00048828125, 0.14990234375, 0.00048828125, 0.19873046875, 0.04931640625, 0.19873046875], "L": [0.24853515625, 0.14990234375, 0.19970703125, 0.14990234375, 0.19970703125, 0.19873046875, 0.24853515625, 0.19873046875], "P": [0.19873046875, 0.19970703125, 0.14990234375, 0.19970703125, 0.14990234375, 0.24853515625, 0.19873046875, 0.24853515625], "T": [0.14892578125, 0.00048828125, 0.10009765625, 0.00048828125, 0.10009765625, 0.04931640625, 0.14892578125, 0.04931640625], "X": [0.09912109375, 0.05029296875, 0.05029296875, 0.05029296875, 0.05029296875, 0.09912109375, 0.09912109375, 0.09912109375], "\\": [0.04931640625, 0.10009765625, 0.00048828125, 0.10009765625, 0.00048828125, 0.14892578125, 0.04931640625, 0.14892578125], "`": [0.24853515625, 0.10009765625, 0.19970703125, 0.10009765625, 0.19970703125, 0.14892578125, 0.24853515625, 0.14892578125], "d": [0.19873046875, 0.14990234375, 0.14990234375, 0.14990234375, 0.14990234375, 0.19873046875, 0.19873046875, 0.19873046875], "h": [0.14892578125, 0.19970703125, 0.10009765625, 0.19970703125, 0.10009765625, 0.24853515625, 0.14892578125, 0.24853515625], "l": [0.09912109375, 0.00048828125, 0.05029296875, 0.00048828125, 0.05029296875, 0.04931640625, 0.09912109375, 0.04931640625], "p": [0.04931640625, 0.05029296875, 0.00048828125, 0.05029296875, 0.00048828125, 0.09912109375, 0.04931640625, 0.09912109375], "t": [0.24853515625, 0.05029296875, 0.19970703125, 0.05029296875, 0.19970703125, 0.09912109375, 0.24853515625, 0.09912109375], "x": [0.19873046875, 0.10009765625, 0.14990234375, 0.10009765625, 0.14990234375, 0.14892578125, 0.19873046875, 0.14892578125], "|": [0.14892578125, 0.14990234375, 0.10009765625, 0.14990234375, 0.10009765625, 0.19873046875, 0.14892578125, 0.19873046875], "#": [0.19873046875, 0.00048828125, 0.14990234375, 0.00048828125, 0.14990234375, 0.04931640625, 0.19873046875, 0.04931640625], "'": [0.14892578125, 0.05029296875, 0.10009765625, 0.05029296875, 0.10009765625, 0.09912109375, 0.14892578125, 0.09912109375], "+": [0.09912109375, 0.10009765625, 0.05029296875, 0.10009765625, 0.05029296875, 0.14892578125, 0.09912109375, 0.14892578125], "/": [0.04931640625, 0.14990234375, 0.00048828125, 0.14990234375, 0.00048828125, 0.19873046875, 0.04931640625, 0.19873046875], "3": [0.24853515625, 0.14990234375, 0.19970703125, 0.14990234375, 0.19970703125, 0.19873046875, 0.24853515625, 0.19873046875], "7": [0.19873046875, 0.19970703125, 0.14990234375, 0.19970703125, 0.14990234375, 0.24853515625, 0.19873046875, 0.24853515625], ";": [0.14892578125, 0.00048828125, 0.10009765625, 0.00048828125, 0.10009765625, 0.04931640625, 0.14892578125, 0.04931640625], "?": [0.09912109375, 0.05029296875, 0.05029296875, 0.05029296875, 0.05029296875, 0.09912109375, 0.09912109375, 0.09912109375], "C": [0.04931640625, 0.10009765625, 0.00048828125, 0.10009765625, 0.00048828125, 0.14892578125, 0.04931640625, 0.14892578125], "G": [0.24853515625, 0.10009765625, 0.19970703125, 0.10009765625, 0.19970703125, 0.14892578125, 0.24853515625, 0.14892578125], "K": [0.19873046875, 0.14990234375, 0.14990234375, 0.14990234375, 0.14990234375, 0.19873046875, 0.19873046875, 0.19873046875], "O": [0.14892578125, 0.19970703125, 0.10009765625, 0.19970703125, 0.10009765625, 0.24853515625, 0.14892578125, 0.24853515625], "S": [0.09912109375, 0.00048828125, 0.05029296875, 0.00048828125, 0.05029296875, 0.04931640625, 0.09912109375, 0.04931640625], "W": [0.04931640625, 0.05029296875, 0.00048828125, 0.05029296875, 0.00048828125, 0.09912109375, 0.04931640625, 0.09912109375], "[": [0.24853515625, 0.05029296875, 0.19970703125, 0.05029296875, 0.19970703125, 0.09912109375, 0.24853515625, 0.09912109375],