{"idxAdvPairs": {" ": [0, 0.17726759503199097], "$": [0, 0.48099360180654877], "(": [0, 0.310500564546481], ",": [0, 0.21415129845690628], "0": [0, 0.5302973278133234], "4": [0, 0.4339480617237486], "8": [0, 0.4693263078660143], "<": [1, 0.4015807301467821], "@": [1, 0.8848325178773052], "D": [1, 0.5875047045540083], "H": [1, 0.7275122318404216], "L": [1, 0.517877305231464], "P": [1, 0.49416635302973283], "T": [2, 0.5126082047421905], "X": [2, 0.5596537448249905], "\\": [2, 0.26345502446368085], "`": [2, 0.22205494919081673], "d": [2, 0.4836281520511856], "h": [2, 0.49190816710575835], "l": [3, 0.245765901392548], "p": [3, 0.5016936394429808], "t": [3, 0.29281144147534816], "x": [3, 0.4279262325931502], "|": [3, 0.19533308242378625], "#": [0, 0.5476100865637937], "'": [0, 0.1558148287542341], "+": [0, 0.47798268724124954], "/": [0, 0.3387278885961611], "3": [0, 0.42303349642453897], "7": [0, 0.4561535566428303], ";": [1, 0.20888219796763266], "?": [1, 0.4245389537071885], "C": [1, 0.552502822732405], "G": [1, 0.6082047421904404], "K": [1, 0.6179902145276628], "O": [1, 0.5935265336846067], "S": [2, 0.48099360180654877], "W": [2, 0.8547233722243132], "[": [2, 0.2867896123447497], "_": [2, 0.3948061723748589], "c": [2, 0.42717350395182535], "g": [2, 0.4700790365073392], "k": [3, 0.46480993601806553], "o": [3, 0.46480993601806553], "s": [3, 0.38088069251035], "w": [3, 0.6206247647722997], "{": [3, 0.26834776063229204], "\"": [0, 0.2803914188934889], "&": [0, 0.5201354911554384], "*": [0, 0.3041023710952202], ".": [0, 0.19345126082047423], "2": [0, 0.4301844185171246], "6": [0, 0.47158449378998873], ":": [1, 0.20398946179902147], ">": [1, 0.4015807301467821], "B": [1, 0.5645464809936018], "F": [1, 0.500940910801656], "J": [1, 0.2867896123447497], "N": [1, 0.6721866767030485], "R": [2, 0.5412118931125329], "V": [2, 0.5532555513737298], "Z": [2, 0.4885208882197968], "^": [2, 0.46255175009409105], "b": [2, 0.4787354158825744], "f": [2, 0.30523146405720736], "j": [2, 0.25141136620248405], "n": [3, 0.5148663906661649], "r": [3, 0.39631162965750844], "v": [3, 0.4347007903650734], "z": [3, 0.37448249905908926], "~": [3, 0.46255175009409105], "!": [0, 0.3168987579977418], "%": [0, 0.6289047798268724], ")": [0, 0.35679337598795635], "-": [0, 0.32216785848701546], "1": [0, 0.31765148663906667], "5": [0, 0.44862627022958224], "9": [1, 0.48701543093714716], "=": [1, 0.39631162965750844], "A": [1, 0.548739179525781], "E": [1, 0.5325555137372977], "I": [1, 0.3323296951449003], "M": [1, 0.8618742943168988], "Q": [1, 0.5867519759126835], "U": [2, 0.5950319909672563], "Y": [2, 0.4979299962363568], "]": [2, 0.2867896123447497], "a": [2, 0.4964245389537072], "e": [2, 0.4407226194956719], "i": [2, 0.2728641324802409], "m": [3, 0.7903650733910426], "q": [3, 0.4689499435453519], "u": [3, 0.4855099736544976], "y": [3, 0.4384644335716974], "}": [3, 0.2762514113662025]}, "pivot": [-0.4435453519006398, -0.309559653744825], "texCoords": {" ": [0.04931640625, 0.00048828125, 0.00048828125, 0.00048828125, 0.00048828125, 0.04931640625, 0.04931640625, 0.04931640625], "$": [0.24853515625, 0.00048828125, 0.19970703125, 0.00048828125, 0.19970703125, 0.04931640625, 0.24853515625, 0.04931640625], "(": [0.19873046875, 0.05029296875, 0.14990234375, 0.05029296875, 0.14990234375, 0.09912109375, 0.19873046875, 0.09912109375], ",": [0.14892578125, 0.10009765625, 0.10009765625, 0.10009765625, 0.10009765625, 0.14892578125, 0.14892578125, 0.14892578125], "0": [0.09912109375, 0.14990234375, 0.05029296875, 0.14990234375, 0.05029296875, 0.19873046875, 0.09912109375, 0.19873046875], "4": [0.04931640625, 0.19970703125, 0.00048828125, 0.19970703125, 0.00048828125, 0.24853515625, 0.04931640625, 0.24853515625], "8": [0.24853515625, 0.19970703125, 0.19970703125, 0.19970703125, 0.19970703125, 0.24853515625, 0.24853515625, 0.24853515625], "<": [0.19873046875, 0.00048828125, 0.14990234375, 0.00048828125, 0.14990234375, 0.04931640625, 0.19873046875, 0.04931640625], "@": [0.14892578125, 0.05029296875, 0.10009765625, 0.05029296875, 0.10009765625, 0.09912109375, 0.14892578125, 0.09912109375], "D": [0.09912109375, 0.10009765625, 0.05029296875, 0.10009765625, 0.05029296875, 0.14892578125, 0.09912109375, 0.14892578125], "H": [0.04931640625, 0.14990234375, 0.00048828125, 0.14990234375, 0.00048828125, 0.19873046875, 0.04931640625, 0.19873046875], "L": [0.24853515625, 0.14990234375, 0.19970703125, 0.14990234375, 0.19970703125, 0.19873046875, 0.24853515625, 0.19873046875], "P": [0.19873046875, 0.19970703125, 0.14990234375, 0.19970703125, 0.14990234375, 0.24853515625, 0.19873046875, 0.24853515625], "T": [0.14892578125, 0.00048828125, 0.10009765625, 0.00048828125, 0.10009765625, 0.04931640625, 0.14892578125, 0.04931640625], "X": [0.09912109375, 0.05029296875, 0.05029296875, 0.05029296875, 0.05029296875, 0.09912109375, 0.09912109375, 0.09912109375], "\\": [0.04931640625, 0.10009765625, 0.00048828125, 0.10009765625, 0.00048828125, 0.14892578125, 0.04931640625, 0.14892578125], "`": [0.24853515625, 0.10009765625, 0.19970703125, 0.10009765625, 0.19970703125, 0.14892578125, 0.24853515625, 0.14892578125], "d": [0.19873046875, 0.14990234375, 0.14990234375, 0.14990234375, 0.14990234375, 0.19873046875, 0.19873046875, 0.19873046875], "h": [0.14892578125, 0.19970703125, 0.10009765625, 0.19970703125, 0.10009765625, 0.24853515625, 0.14892578125, 0.24853515625], "l": [0.09912109375, 0.00048828125, 0.05029296875, 0.00048828125, 0.05029296875, 0.04931640625, 0.09912109375, 0.04931640625], "p": [0.04931640625, 0.05029296875, 0.00048828125, 0.05029296875, 0.00048828125, 0.09912109375, 0.04931640625, 0.09912109375], "t": [0.24853515625, 0.05029296875, 0.19970703125, 0.05029296875, 0.19970703125, 0.09912109375, 0.24853515625, 0.09912109375], "x": [0.19873046875, 0.10009765625, 0.14990234375, 0.10009765625, 0.14990234375, 0.14892578125, 0.19873046875, 0.14892578125], "|": [0.14892578125, 0.14990234375, 0.10009765625, 0.14990234375, 0.10009765625, 0.19873046875, 0.14892578125, 0.19873046875], "#": [0.19873046875, 0.00048828125, 0.14990234375, 0.00048828125, 0.14990234375, 0.04931640625, 0.19873046875, 0.04931640625], "'": [0.14892578125, 0.05029296875, 0.10009765625, 0.05029296875, 0.10009765625, 0.09912109375, 0.14892578125, 0.09912109375], "+": [0.09912109375, 0.10009765625, 0.05029296875, 0.10009765625, 0.05029296875, 0.14892578125, 0.09912109375, 0.14892578125], "/": [0.04931640625, 0.14990234375, 0.00048828125, 0.14990234375, 0.00048828125, 0.19873046875, 0.04931640625, 0.19873046875], "3": [0.24853515625, 0.14990234375, 0.19970703125, 0.14990234375, 0.19970703125, 0.19873046875, 0.24853515625, 0.19873046875], "7": [0.19873046875, 0.19970703125, 0.14990234375, 0.19970703125, 0.14990234375, 0.24853515625, 0.19873046875, 0.24853515625], ";": [0.14892578125, 0.00048828125, 0.10009765625, 0.00048828125, 0.10009765625, 0.04931640625, 0.14892578125, 0.04931640625], "?": [0.09912109375, 0.05029296875, 0.05029296875, 0.05029296875, 0.05029296875, 0.09912109375, 0.09912109375, 0.09912109375], "C": [0.04931640625, 0.10009765625, 0.00048828125, 0.10009765625, 0.00048828125, 0.14892578125, 0.04931640625, 0.14892578125], "G": [0.24853515625, 0.10009765625, 0.19970703125, 0.10009765625, 0.19970703125, 0.14892578125, 0.24853515625, 0.14892578125], "K": [0.19873046875, 0.14990234375, 0.14990234375, 0.14990234375, 0.14990234375, 0.19873046875, 0.19873046875, 0.19873046875], "O": [0.14892578125, 0.19970703125, 0.10009765625, 0.19970703125, 0.10009765625, 0.24853515625, 0.14892578125, 0.24853515625], "S": [0.09912109375, 0.00048828125, 0.05029296875, 0.00048828125, 0.05029296875, 0.04931640625, 0.09912109375, 0.04931640625], "W": [0.04931640625, 0.05029296875, 0.00048828125, 0.05029296875, 0.00048828125, 0.09912109375, 0.04931640625, 0.09912109375], "[": [0.24853515625, 0.05029296875, 0.19970703125, 0.05029296875, 0.19970703125, 0.09912109375, 0.24853515625, 0.09912109375],