{"idxAdvPairs": {" ": [0, 0.2572025052192067], "$": [0, 0.5720250521920668], "(": [0, 0.36743215031315235], ",": [0, 0.2868475991649269], "0": [0, 0.5457202505219206], "4": [0, 0.5498956158663882], "8": [0, 0.5432150313152401], "<": [1, 0.5720250521920668], "@": [1, 0.9198329853862213], "D": [1, 0.6517745302713988], "H": [1, 0.7098121085594989], "L": [1, 0.5432150313152401], "P": [1, 0.5544885177453027], "T": [2, 0.5891440501043842], "X": [2, 0.6104384133611691], "\\": [2, 0.36826722338204587], "`": [2, 0.28434237995824635], "d": [2, 0.5311064718162839], "h": [2, 0.5661795407098121], "l": [3, 0.2872651356993737], "p": [3, 0.5402922755741127], "t": [3, 0.34822546972860124], "x": [3, 0.5085594989561586], "|": [3, 0.36116910229645094], "#": [0, 0.6359081419624217], "'": [0, 0.29812108559498957], "+": [0, 0.5649269311064719], "/": [0, 0.36826722338204587], "3": [0, 0.4764091858037578], "7": [0, 0.48768267223382045], ";": [1, 0.2947807933194154], "?": [1, 0.4150313152400835], "C": [1, 0.55741127348643], "G": [1, 0.6354906054279749], "K": [1, 0.6217118997912316], "O": [1, 0.6179540709812108], "S": [2, 0.5073068893528183], "W": [2, 0.8542797494780793], "[": [2, 0.364509394572025], "_": [2, 0.7144050104384134], "c": [2, 0.437160751565762], "g": [2, 0.5231732776617953], "k": [3, 0.518580375782881], "o": [3, 0.5085594989561586], "s": [3, 0.4354906054279749], "w": [3, 0.7340292275574113], "{": [3, 0.4321503131524008], "\"": [0, 0.5194154488517745], "&": [0, 0.647599164926931], "*": [0, 0.5486430062630481], ".": [0, 0.24926931106471817], "2": [0, 0.5106471816283925], "6": [0, 0.5649269311064719], ":": [1, 0.2947807933194154], ">": [1, 0.5720250521920668], "B": [1, 0.5849686847599165], "F": [1, 0.5302713987473904], "J": [1, 0.325678496868476], "N": [1, 0.6839248434237996], "R": [2, 0.6012526096033404], "V": [2, 0.5707724425887265], "Z": [2, 0.5620041753653444], "^": [2, 0.5691022964509395], "b": [2, 0.5181628392484342], "f": [2, 0.3457202505219207], "j": [2, 0.2739039665970773], "n": [3, 0.5741127348643006], "r": [3, 0.39373695198329856], "v": [3, 0.4881002087682672], "z": [3, 0.4751565762004175], "~": [3, 0.5912317327766179], "!": [0, 0.3035490605427975], "%": [0, 0.8810020876826722], ")": [0, 0.36743215031315235], "-": [0, 0.5469728601252609], "1": [0, 0.37035490605427973], "5": [0, 0.5048016701461377], "9": [1, 0.5657620041753654], "=": [1, 0.5582463465553236], "A": [1, 0.5916492693110648], "E": [1, 0.5590814196242171], "I": [1, 0.34530271398747386], "M": [1, 0.8542797494780793], "Q": [1, 0.6271398747390396], "U": [2, 0.6296450939457202], "Y": [2, 0.5498956158663882], "]": [2, 0.364509394572025], "a": [2, 0.4793319415448852], "e": [2, 0.4643006263048017], "i": [2, 0.2860125260960334], "m": [3, 0.8576200417536535], "q": [3, 0.5206680584551148], "u": [3, 0.5457202505219206], "y": [3, 0.4926931106471816], "}": [3, 0.4321503131524008]}, "pivot": [-0.48162839248434236, -0.26951983298538623], "texCoords": {" ": [0.04931640625, 0.00048828125, 0.00048828125, 0.00048828125, 0.00048828125, 0.04931640625, 0.04931640625, 0.04931640625], "$": [0.24853515625, 0.00048828125, 0.19970703125, 0.00048828125, 0.19970703125, 0.04931640625, 0.24853515625, 0.04931640625], "(": [0.19873046875, 0.05029296875, 0.14990234375, 0.05029296875, 0.14990234375, 0.09912109375, 0.19873046875, 0.09912109375], ",": [0.14892578125, 0.10009765625, 0.10009765625, 0.10009765625, 0.10009765625, 0.14892578125, 0.14892578125, 0.14892578125], "0": [0.09912109375, 0.14990234375, 0.05029296875, 0.14990234375, 0.05029296875, 0.19873046875, 0.09912109375, 0.19873046875], "4": [0.04931640625, 0.19970703125, 0.00048828125, 0.19970703125, 0.00048828125, 0.24853515625, 0.04931640625, 0.24853515625], "8": [0.24853515625, 0.19970703125, 0.19970703125, 0.19970703125, 0.19970703125, 0.24853515625, 0.24853515625, 0.24853515625], "<": [0.19873046875, 0.00048828125, 0.14990234375, 0.00048828125, 0.14990234375, 0.04931640625, 0.19873046875, 0.04931640625], "@": [0.14892578125, 0.05029296875, 0.10009765625, 0.05029296875, 0.10009765625, 0.09912109375, 0.14892578125, 0.09912109375], "D": [0.09912109375, 0.10009765625, 0.05029296875, 0.10009765625, 0.05029296875, 0.14892578125, 0.09912109375, 0.14892578125], "H": [0.04931640625, 0.14990234375, 0.00048828125, 0.14990234375, 0.00048828125, 0.19873046875, 0.04931640625, 0.19873046875], "L": [0.24853515625, 0.14990234375, 0.19970703125, 0.14990234375, 0.19970703125, 0.19873046875, 0.24853515625, 0.19873046875], "P": [0.19873046875, 0.19970703125, 0.14990234375, 0.19970703125, 0.14990234375, 0.24853515625, 0.19873046875, 0.24853515625], "T": [0.14892578125, 0.00048828125, 0.10009765625, 0.00048828125, 0.10009765625, 0.04931640625, 0.14892578125, 0.04931640625], "X": [0.09912109375, 0.05029296875, 0.05029296875, 0.05029296875, 0.05029296875, 0.09912109375, 0.09912109375, 0.09912109375], "\\": [0.04931640625, 0.10009765625, 0.00048828125, 0.10009765625, 0.00048828125, 0.14892578125, 0.04931640625, 0.14892578125], "`": [0.24853515625, 0.10009765625, 0.19970703125, 0.10009765625, 0.19970703125, 0.14892578125, 0.24853515625, 0.14892578125], "d": [0.19873046875, 0.14990234375, 0.14990234375, 0.14990234375, 0.14990234375, 0.19873046875, 0.19873046875, 0.19873046875], "h": [0.14892578125, 0.19970703125, 0.10009765625, 0.19970703125, 0.10009765625, 0.24853515625, 0.14892578125, 0.24853515625], "l": [0.09912109375, 0.00048828125, 0.05029296875, 0.00048828125, 0.05029296875, 0.04931640625, 0.09912109375, 0.04931640625], "p": [0.04931640625, 0.05029296875, 0.00048828125, 0.05029296875, 0.00048828125, 0.09912109375, 0.04931640625, 0.09912109375], "t": [0.24853515625, 0.05029296875, 0.19970703125, 0.05029296875, 0.19970703125, 0.09912109375, 0.24853515625, 0.09912109375], "x": [0.19873046875, 0.10009765625, 0.14990234375, 0.10009765625, 0.14990234375, 0.14892578125, 0.19873046875, 0.14892578125], "|": [0.14892578125, 0.14990234375, 0.10009765625, 0.14990234375, 0.10009765625, 0.19873046875, 0.14892578125, 0.19873046875], "#": [0.19873046875, 0.00048828125, 0.14990234375, 0.00048828125, 0.14990234375, 0.04931640625, 0.19873046875, 0.04931640625], "'": [0.14892578125, 0.05029296875, 0.10009765625, 0.05029296875, 0.10009765625, 0.09912109375, 0.14892578125, 0.09912109375], "+": [0.09912109375, 0.10009765625, 0.05029296875, 0.10009765625, 0.05029296875, 0.14892578125, 0.09912109375, 0.14892578125], "/": [0.04931640625, 0.14990234375, 0.00048828125, 0.14990234375, 0.00048828125, 0.19873046875, 0.04931640625, 0.19873046875], "3": [0.24853515625, 0.14990234375, 0.19970703125, 0.14990234375, 0.19970703125, 0.19873046875, 0.24853515625, 0.19873046875], "7": [0.19873046875, 0.19970703125, 0.14990234375, 0.19970703125, 0.14990234375, 0.24853515625, 0.19873046875, 0.24853515625], ";": [0.14892578125, 0.00048828125, 0.10009765625, 0.00048828125, 0.10009765625, 0.04931640625, 0.14892578125, 0.04931640625], "?": [0.09912109375, 0.05029296875, 0.05029296875, 0.05029296875, 0.05029296875, 0.09912109375, 0.09912109375, 0.09912109375], "C": [0.04931640625, 0.10009765625, 0.00048828125, 0.10009765625, 0.00048828125, 0.14892578125, 0.04931640625, 0.14892578125], "G": [0.24853515625, 0.10009765625, 0.19970703125, 0.10009765625, 0.19970703125, 0.14892578125, 0.24853515625, 0.14892578125], "K": [0.19873046875, 0.14990234375, 0.14990234375, 0.14990234375, 0.14990234375, 0.19873046875, 0.19873046875, 0.19873046875], "O": [0.14892578125, 0.19970703125, 0.10009765625, 0.19970703125, 0.10009765625, 0.24853515625, 0.14892578125, 0.24853515625], "S": [0.09912109375, 0.00048828125, 0.05029296875, 0.00048828125, 0.05029296875, 0.04931640625, 0.09912109375, 0.04931640625], "W": [0.04931640625, 0.05029296875, 0.00048828125, 0.05029296875, 0.00048828125, 0.09912109375, 0.04931640625, 0.09912109375], "[": [0.24853515625, 0.05029296875, 0.19970703125, 0.05029296875, 0.19970703125, 0.09912109375, 0.24853515625, 0.09912109375],