{"idxAdvPairs": {" ": [0, 0.1753385602280827], "$": [0, 0.4604419101924448], "(": [0, 0.3114754098360656], ",": [0, 0.1895937277263008], "0": [0, 0.48467569493941554], "4": [0, 0.4458303635067712], "8": [0, 0.42622950819672134], "<": [1, 0.3460441910192445], "@": [1, 0.7626514611546686], "D": [1, 0.5648610121168924], "H": [1, 0.6935138987883108], "L": [1, 0.46935138987883107], "P": [1, 0.4825374198146829], "T": [2, 0.4875267284390592], "X": [2, 0.5766215253029223], "\\": [2, 0.2954383464005702], "`": [2, 0.2758374910905203], "d": [2, 0.5007127583749109], "h": [2, 0.48823948681397006], "l": [3, 0.259800427655025], "p": [3, 0.4868139700641483], "t": [3, 0.3171774768353528], "x": [3, 0.4408410548823949], "|": [3, 0.2248752672843906], "#": [0, 0.6539558089807556], "'": [0, 0.1721311475409836], "+": [0, 0.4408410548823949], "/": [0, 0.35032074126870993], "3": [0, 0.42908054169636495], "7": [0, 0.4429793300071276], ";": [1, 0.21739130434782608], "?": [1, 0.3866714183891661], "C": [1, 0.5320741268709908], "G": [1, 0.5612972202423379], "K": [1, 0.6218816821097648], "O": [1, 0.5691375623663578], "S": [2, 0.45188880969351397], "W": [2, 0.729151817533856], "[": [2, 0.27512473271560944], "_": [2, 0.3859586600142552], "c": [2, 0.417320028510335], "g": [2, 0.4643620812544548], "k": [3, 0.46721311475409844], "o": [3, 0.42124019957234504], "s": [3, 0.36279401282965074], "w": [3, 0.6343549536707056], "{": [3, 0.29116179615110477], "\"": [0, 0.3253741981468283], "&": [0, 0.4632929436920884], "*": [0, 0.35032074126870993], ".": [0, 0.19208838203848896], "2": [0, 0.4052031361368496], "6": [0, 0.40377761938702783], ":": [1, 0.21382751247327156], ">": [1, 0.3460441910192445], "B": [1, 0.5402708481824662], "F": [1, 0.5167498218104063], "J": [1, 0.27868852459016397], "N": [1, 0.6364932287954383], "R": [2, 0.5285103349964363], "V": [2, 0.4985744832501782], "Z": [2, 0.47042052744119744], "^": [2, 0.3823948681397007], "b": [2, 0.4729151817533856], "f": [2, 0.28545972915181755], "j": [2, 0.251960085531005], "n": [3, 0.5064148253741982], "r": [3, 0.40805416963649327], "v": [3, 0.40377761938702783], "z": [3, 0.4098360655737705], "~": [3, 0.3225231646471846], "!": [0, 0.308624376336422], "%": [0, 0.6867426942266571], ")": [0, 0.3114754098360656], "-": [0, 0.2961511047754811], "1": [0, 0.289736279401283], "5": [0, 0.4144689950106914], "9": [1, 0.398431931575196], "=": [1, 0.4191019244476123], "A": [1, 0.5270848182466144], "E": [1, 0.5363506771204561], "I": [1, 0.3300071275837491], "M": [1, 0.857448325017819], "Q": [1, 0.5545260156806843], "U": [2, 0.5466856735566643], "Y": [2, 0.4964362081254455], "]": [2, 0.2533856022808268], "a": [2, 0.4957234497505346], "e": [2, 0.41981468282252316], "i": [2, 0.27726300784034213], "m": [3, 0.7423378474697079], "q": [3, 0.46935138987883107], "u": [3, 0.48325017818959376], "y": [3, 0.4012829650748397], "}": [3, 0.33428367783321455]}, "pivot": [-0.41233071988595865, -0.33214540270848175], "texCoords": {" ": [0.04931640625, 0.00048828125, 0.00048828125, 0.00048828125, 0.00048828125, 0.04931640625, 0.04931640625, 0.04931640625], "$": [0.24853515625, 0.00048828125, 0.19970703125, 0.00048828125, 0.19970703125, 0.04931640625, 0.24853515625, 0.04931640625], "(": [0.19873046875, 0.05029296875, 0.14990234375, 0.05029296875, 0.14990234375, 0.09912109375, 0.19873046875, 0.09912109375], ",": [0.14892578125, 0.10009765625, 0.10009765625, 0.10009765625, 0.10009765625, 0.14892578125, 0.14892578125, 0.14892578125], "0": [0.09912109375, 0.14990234375, 0.05029296875, 0.14990234375, 0.05029296875, 0.19873046875, 0.09912109375, 0.19873046875], "4": [0.04931640625, 0.19970703125, 0.00048828125, 0.19970703125, 0.00048828125, 0.24853515625, 0.04931640625, 0.24853515625], "8": [0.24853515625, 0.19970703125, 0.19970703125, 0.19970703125, 0.19970703125, 0.24853515625, 0.24853515625, 0.24853515625], "<": [0.19873046875, 0.00048828125, 0.14990234375, 0.00048828125, 0.14990234375, 0.04931640625, 0.19873046875, 0.04931640625], "@": [0.14892578125, 0.05029296875, 0.10009765625, 0.05029296875, 0.10009765625, 0.09912109375, 0.14892578125, 0.09912109375], "D": [0.09912109375, 0.10009765625, 0.05029296875, 0.10009765625, 0.05029296875, 0.14892578125, 0.09912109375, 0.14892578125], "H": [0.04931640625, 0.14990234375, 0.00048828125, 0.14990234375, 0.00048828125, 0.19873046875, 0.04931640625, 0.19873046875], "L": [0.24853515625, 0.14990234375, 0.19970703125, 0.14990234375, 0.19970703125, 0.19873046875, 0.24853515625, 0.19873046875], "P": [0.19873046875, 0.19970703125, 0.14990234375, 0.19970703125, 0.14990234375, 0.24853515625, 0.19873046875, 0.24853515625], "T": [0.14892578125, 0.00048828125, 0.10009765625, 0.00048828125, 0.10009765625, 0.04931640625, 0.14892578125, 0.04931640625], "X": [0.09912109375, 0.05029296875, 0.05029296875, 0.05029296875, 0.05029296875, 0.09912109375, 0.09912109375, 0.09912109375], "\\": [0.04931640625, 0.10009765625, 0.00048828125, 0.10009765625, 0.00048828125, 0.14892578125, 0.04931640625, 0.14892578125], "`": [0.24853515625, 0.10009765625, 0.19970703125, 0.10009765625, 0.19970703125, 0.14892578125, 0.24853515625, 0.14892578125], "d": [0.19873046875, 0.14990234375, 0.14990234375, 0.14990234375, 0.14990234375, 0.19873046875, 0.19873046875, 0.19873046875], "h": [0.14892578125, 0.19970703125, 0.10009765625, 0.19970703125, 0.10009765625, 0.24853515625, 0.14892578125, 0.24853515625], "l": [0.09912109375, 0.00048828125, 0.05029296875, 0.00048828125, 0.05029296875, 0.04931640625, 0.09912109375, 0.04931640625], "p": [0.04931640625, 0.05029296875, 0.00048828125, 0.05029296875, 0.00048828125, 0.09912109375, 0.04931640625, 0.09912109375], "t": [0.24853515625, 0.05029296875, 0.19970703125, 0.05029296875, 0.19970703125, 0.09912109375, 0.24853515625, 0.09912109375], "x": [0.19873046875, 0.10009765625, 0.14990234375, 0.10009765625, 0.14990234375, 0.14892578125, 0.19873046875, 0.14892578125], "|": [0.14892578125, 0.14990234375, 0.10009765625, 0.14990234375, 0.10009765625, 0.19873046875, 0.14892578125, 0.19873046875], "#": [0.19873046875, 0.00048828125, 0.14990234375, 0.00048828125, 0.14990234375, 0.04931640625, 0.19873046875, 0.04931640625], "'": [0.14892578125, 0.05029296875, 0.10009765625, 0.05029296875, 0.10009765625, 0.09912109375, 0.14892578125, 0.09912109375], "+": [0.09912109375, 0.10009765625, 0.05029296875, 0.10009765625, 0.05029296875, 0.14892578125, 0.09912109375, 0.14892578125], "/": [0.04931640625, 0.14990234375, 0.00048828125, 0.14990234375, 0.00048828125, 0.19873046875, 0.04931640625, 0.19873046875], "3": [0.24853515625, 0.14990234375, 0.19970703125, 0.14990234375, 0.19970703125, 0.19873046875, 0.24853515625, 0.19873046875], "7": [0.19873046875, 0.19970703125, 0.14990234375, 0.19970703125, 0.14990234375, 0.24853515625, 0.19873046875, 0.24853515625], ";": [0.14892578125, 0.00048828125, 0.10009765625, 0.00048828125, 0.10009765625, 0.04931640625, 0.14892578125, 0.04931640625], "?": [0.09912109375, 0.05029296875, 0.05029296875, 0.05029296875, 0.05029296875, 0.09912109375, 0.09912109375, 0.09912109375], "C": [0.04931640625, 0.10009765625, 0.00048828125, 0.10009765625, 0.00048828125, 0.14892578125, 0.04931640625, 0.14892578125], "G": [0.24853515625, 0.10009765625, 0.19970703125, 0.10009765625, 0.19970703125, 0.14892578125, 0.24853515625, 0.14892578125], "K": [0.19873046875, 0.14990234375, 0.14990234375, 0.14990234375, 0.14990234375, 0.19873046875, 0.19873046875, 0.19873046875], "O": [0.14892578125, 0.19970703125, 0.10009765625, 0.19970703125, 0.10009765625, 0.24853515625, 0.14892578125, 0.24853515625], "S": [0.09912109375, 0.00048828125, 0.05029296875, 0.00048828125, 0.05029296875, 0.04931640625, 0.09912109375, 0.04931640625], "W": [0.04931640625, 0.05029296875, 0.00048828125, 0.05029296875, 0.00048828125, 0.09912109375, 0.04931640625, 0.09912109375], "[": [0.24853515625, 0.05029296875, 0.19970703125, 0.05029296875, 0.19970703125, 0.09912109375, 0.24853515625, 0.09912109375],