{"idxAdvPairs": {" ": [0, 0.2019473494410386], "$": [0, 0.43274432023079695], "(": [0, 0.26758023800937614], ",": [0, 0.20555355210962858], "0": [0, 0.46880634691669676], "4": [0, 0.46880634691669676], "8": [0, 0.46880634691669676], "<": [1, 0.38694554633970435], "@": [1, 0.7573025604038948], "D": [1, 0.57915614857555], "H": [1, 0.576992426974396], "L": [1, 0.40858276235124413], "P": [1, 0.48287053732419766], "T": [2, 0.43635052289938697], "X": [2, 0.4933285250631086], "\\": [2, 0.2618103137396322], "`": [2, 0.4046159394157952], "d": [2, 0.4233681932924631], "h": [2, 0.42481067435989905], "l": [3, 0.2033898305084746], "p": [3, 0.41940137035701414], "t": [3, 0.27515326361341513], "x": [3, 0.3728813559322034], "|": [3, 0.3187883159033538], "#": [0, 0.5055896141363145], "'": [0, 0.14605120807789398], "+": [0, 0.5048683736025965], "/": [0, 0.2618103137396322], "3": [0, 0.46880634691669676], "7": [0, 0.46880634691669676], ";": [1, 0.20555355210962858], "?": [1, 0.37720879913451144], "C": [1, 0.5232600072124054], "G": [1, 0.573746844572665], "K": [1, 0.5109989181391995], "O": [1, 0.6080057699242698], "S": [2, 0.4908041831950956], "W": [2, 0.7807428777497296], "[": [2, 0.2733501622791201], "_": [2, 0.41831950955643715], "c": [2, 0.35557158312297155], "g": [2, 0.41904075009015507], "k": [3, 0.38261810313739636], "o": [3, 0.43094121889650205], "s": [3, 0.36242336819329246], "w": [3, 0.5964659213847819], "{": [3, 0.28777497295348003], "\"": [0, 0.28669311215290305], "&": [0, 0.573025604038947], "*": [0, 0.431301839163361], ".": [0, 0.20555355210962858], "2": [0, 0.46880634691669676], "6": [0, 0.46880634691669676], ":": [1, 0.20555355210962858], ">": [1, 0.38694554633970435], "B": [1, 0.5135232600072125], "F": [1, 0.4500540930400289], "J": [1, 0.34367111431662467], "N": [1, 0.5982690227190769], "R": [2, 0.5185719437432383], "V": [2, 0.5052289938694555], "Z": [2, 0.4897223223945186], "^": [2, 0.5333573746844573], "b": [2, 0.4215650919581681], "f": [2, 0.288135593220339], "j": [2, 0.1875225387666787], "n": [3, 0.41940137035701414], "r": [3, 0.28452939055174903], "v": [3, 0.3534078615218176], "z": [3, 0.3815362423368194], "~": [3, 0.5048683736025965], "!": [0, 0.23440317345834838], "%": [0, 0.4792643346556077], ")": [0, 0.26758023800937614], "-": [0, 0.43635052289938697], "1": [0, 0.46880634691669676], "5": [0, 0.46880634691669676], "9": [1, 0.46880634691669676], "=": [1, 0.5048683736025965], "A": [1, 0.4987378290659935], "E": [1, 0.4626758023800938], "I": [1, 0.2632527948070682], "M": [1, 0.6794085827623513], "Q": [1, 0.6152181752614497], "U": [2, 0.5705012621709341], "Y": [2, 0.45546339704291383], "]": [2, 0.2733501622791201], "a": [2, 0.3815362423368194], "e": [2, 0.39235485034258927], "i": [2, 0.18896501983411468], "m": [3, 0.6173818968626037], "q": [3, 0.41904075009015507], "u": [3, 0.4197619906238731], "y": [3, 0.3782906599350884], "}": [3, 0.28777497295348003]}, "pivot": [-0.40587811034980165, -0.3049044356292823], "texCoords": {" ": [0.04931640625, 0.00048828125, 0.00048828125, 0.00048828125, 0.00048828125, 0.04931640625, 0.04931640625, 0.04931640625], "$": [0.24853515625, 0.00048828125, 0.19970703125, 0.00048828125, 0.19970703125, 0.04931640625, 0.24853515625, 0.04931640625], "(": [0.19873046875, 0.05029296875, 0.14990234375, 0.05029296875, 0.14990234375, 0.09912109375, 0.19873046875, 0.09912109375], ",": [0.14892578125, 0.10009765625, 0.10009765625, 0.10009765625, 0.10009765625, 0.14892578125, 0.14892578125, 0.14892578125], "0": [0.09912109375, 0.14990234375, 0.05029296875, 0.14990234375, 0.05029296875, 0.19873046875, 0.09912109375, 0.19873046875], "4": [0.04931640625, 0.19970703125, 0.00048828125, 0.19970703125, 0.00048828125, 0.24853515625, 0.04931640625, 0.24853515625], "8": [0.24853515625, 0.19970703125, 0.19970703125, 0.19970703125, 0.19970703125, 0.24853515625, 0.24853515625, 0.24853515625], "<": [0.19873046875, 0.00048828125, 0.14990234375, 0.00048828125, 0.14990234375, 0.04931640625, 0.19873046875, 0.04931640625], "@": [0.14892578125, 0.05029296875, 0.10009765625, 0.05029296875, 0.10009765625, 0.09912109375, 0.14892578125, 0.09912109375], "D": [0.09912109375, 0.10009765625, 0.05029296875, 0.10009765625, 0.05029296875, 0.14892578125, 0.09912109375, 0.14892578125], "H": [0.04931640625, 0.14990234375, 0.00048828125, 0.14990234375, 0.00048828125, 0.19873046875, 0.04931640625, 0.19873046875], "L": [0.24853515625, 0.14990234375, 0.19970703125, 0.14990234375, 0.19970703125, 0.19873046875, 0.24853515625, 0.19873046875], "P": [0.19873046875, 0.19970703125, 0.14990234375, 0.19970703125, 0.14990234375, 0.24853515625, 0.19873046875, 0.24853515625], "T": [0.14892578125, 0.00048828125, 0.10009765625, 0.00048828125, 0.10009765625, 0.04931640625, 0.14892578125, 0.04931640625], "X": [0.09912109375, 0.05029296875, 0.05029296875, 0.05029296875, 0.05029296875, 0.09912109375, 0.09912109375, 0.09912109375], "\\": [0.04931640625, 0.10009765625, 0.00048828125, 0.10009765625, 0.00048828125, 0.14892578125, 0.04931640625, 0.14892578125], "`": [0.24853515625, 0.10009765625, 0.19970703125, 0.10009765625, 0.19970703125, 0.14892578125, 0.24853515625, 0.14892578125], "d": [0.19873046875, 0.14990234375, 0.14990234375, 0.14990234375, 0.14990234375, 0.19873046875, 0.19873046875, 0.19873046875], "h": [0.14892578125, 0.19970703125, 0.10009765625, 0.19970703125, 0.10009765625, 0.24853515625, 0.14892578125, 0.24853515625], "l": [0.09912109375, 0.00048828125, 0.05029296875, 0.00048828125, 0.05029296875, 0.04931640625, 0.09912109375, 0.04931640625], "p": [0.04931640625, 0.05029296875, 0.00048828125, 0.05029296875, 0.00048828125, 0.09912109375, 0.04931640625, 0.09912109375], "t": [0.24853515625, 0.05029296875, 0.19970703125, 0.05029296875, 0.19970703125, 0.09912109375, 0.24853515625, 0.09912109375], "x": [0.19873046875, 0.10009765625, 0.14990234375, 0.10009765625, 0.14990234375, 0.14892578125, 0.19873046875, 0.14892578125], "|": [0.14892578125, 0.14990234375, 0.10009765625, 0.14990234375, 0.10009765625, 0.19873046875, 0.14892578125, 0.19873046875], "#": [0.19873046875, 0.00048828125, 0.14990234375, 0.00048828125, 0.14990234375, 0.04931640625, 0.19873046875, 0.04931640625], "'": [0.14892578125, 0.05029296875, 0.10009765625, 0.05029296875, 0.10009765625, 0.09912109375, 0.14892578125, 0.09912109375], "+": [0.09912109375, 0.10009765625, 0.05029296875, 0.10009765625, 0.05029296875, 0.14892578125, 0.09912109375, 0.14892578125], "/": [0.04931640625, 0.14990234375, 0.00048828125, 0.14990234375, 0.00048828125, 0.19873046875, 0.04931640625, 0.19873046875], "3": [0.24853515625, 0.14990234375, 0.19970703125, 0.14990234375, 0.19970703125, 0.19873046875, 0.24853515625, 0.19873046875], "7": [0.19873046875, 0.19970703125, 0.14990234375, 0.19970703125, 0.14990234375, 0.24853515625, 0.19873046875, 0.24853515625], ";": [0.14892578125, 0.00048828125, 0.10009765625, 0.00048828125, 0.10009765625, 0.04931640625, 0.14892578125, 0.04931640625], "?": [0.09912109375, 0.05029296875, 0.05029296875, 0.05029296875, 0.05029296875, 0.09912109375, 0.09912109375, 0.09912109375], "C": [0.04931640625, 0.10009765625, 0.00048828125, 0.10009765625, 0.00048828125, 0.14892578125, 0.04931640625, 0.14892578125], "G": [0.24853515625, 0.10009765625, 0.19970703125, 0.10009765625, 0.19970703125, 0.14892578125, 0.24853515625, 0.14892578125], "K": [0.19873046875, 0.14990234375, 0.14990234375, 0.14990234375, 0.14990234375, 0.19873046875, 0.19873046875, 0.19873046875], "O": [0.14892578125, 0.19970703125, 0.10009765625, 0.19970703125, 0.10009765625, 0.24853515625, 0.14892578125, 0.24853515625], "S": [0.09912109375, 0.00048828125, 0.05029296875, 0.00048828125, 0.05029296875, 0.04931640625, 0.09912109375, 0.04931640625], "W": [0.04931640625, 0.05029296875, 0.00048828125, 0.05029296875, 0.00048828125, 0.09912109375, 0.04931640625, 0.09912109375], "[": [0.24853515625, 0.05029296875, 0.19970703125, 0.05029296875, 0.19970703125, 0.09912109375, 0.24853515625, 0.09912109375],