{"idxAdvPairs": {" ": [0, 0.20779777206512423], "$": [0, 0.5162810625535561], "(": [0, 0.3663239074550128], ",": [0, 0.22579263067694944], "0": [0, 0.5475578406169666], "4": [0, 0.5359897172236504], "8": [0, 0.5068551842330763], "<": [1, 0.5861182519280205], "@": [1, 0.8436161096829476], "D": [1, 0.6143958868894601], "H": [1, 0.6589545844044558], "L": [1, 0.506426735218509], "P": [1, 0.5308483290488432], "T": [2, 0.5287060839760068], "X": [2, 0.5556983718937446], "\\": [2, 0.3658954584404456], "`": [2, 0.23179091688089115], "d": [2, 0.506426735218509], "h": [2, 0.5317052270779777], "l": [3, 0.26006855184233074], "p": [3, 0.4978577549271636], "t": [3, 0.3149100257069409], "x": [3, 0.43230505569837185], "|": [3, 0.3658954584404456], "#": [0, 0.6019708654670094], "'": [0, 0.22579263067694944], "+": [0, 0.5844044558697514], "/": [0, 0.3658954584404456], "3": [0, 0.461439588688946], "7": [0, 0.469580119965724], ";": [1, 0.22579263067694944], "?": [1, 0.43573264781491], "C": [1, 0.5248500428449014], "G": [1, 0.5762639245929734], "K": [1, 0.585261353898886], "O": [1, 0.5925449871465296], "S": [2, 0.4640102827763496], "W": [2, 0.7660668380462725], "[": [2, 0.3663239074550128], "_": [2, 0.5719794344473007], "c": [2, 0.37789203084832906], "g": [2, 0.49528706083976004], "k": [3, 0.46315338474721507], "o": [3, 0.4905741216795201], "s": [3, 0.3723221936589545], "w": [3, 0.7287917737789202], "{": [3, 0.4370179948586118], "\"": [0, 0.43144815766923733], "&": [0, 0.6619537275064268], "*": [0, 0.585261353898886], ".": [0, 0.22579263067694944], "2": [0, 0.5012853470437018], "6": [0, 0.5329905741216795], ":": [1, 0.22579263067694944], ">": [1, 0.5861182519280205], "B": [1, 0.5548414738646101], "F": [1, 0.4987146529562982], "J": [1, 0.3110539845758355], "N": [1, 0.6503856041131105], "R": [2, 0.5792630676949443], "V": [2, 0.5252784918594687], "Z": [2, 0.5107112253641817], "^": [2, 0.5839760068551842], "b": [2, 0.5094258783204798], "f": [2, 0.29991431019708653], "j": [2, 0.27720651242502137], "n": [3, 0.5398457583547558], "r": [3, 0.35861182519280205], "v": [3, 0.4532990574121679], "z": [3, 0.43873179091688086], "~": [3, 0.48714652956298193], "!": [0, 0.29434447300771205], "%": [0, 0.8187660668380462], ")": [0, 0.3667523564695801], "-": [0, 0.5428449014567266], "1": [0, 0.3933161953727506], "5": [0, 0.4747215081405312], "9": [1, 0.5334190231362468], "=": [1, 0.45544130248500425], "A": [1, 0.5749785775492716], "E": [1, 0.5278491859468722], "I": [1, 0.3033419023136247], "M": [1, 0.8037703513281919], "Q": [1, 0.5951156812339331], "U": [2, 0.5921165381319623], "Y": [2, 0.5047129391602398], "]": [2, 0.3663239074550128], "a": [2, 0.5034275921165381], "e": [2, 0.45072836332476435], "i": [2, 0.2750642673521851], "m": [3, 0.8076263924592973], "q": [3, 0.49614395886889456], "u": [3, 0.5184233076263924], "y": [3, 0.4592973436161097], "}": [3, 0.4370179948586118]}, "pivot": [-0.4095972579263068, -0.2772065124250214], "texCoords": {" ": [0.04931640625, 0.00048828125, 0.00048828125, 0.00048828125, 0.00048828125, 0.04931640625, 0.04931640625, 0.04931640625], "$": [0.24853515625, 0.00048828125, 0.19970703125, 0.00048828125, 0.19970703125, 0.04931640625, 0.24853515625, 0.04931640625], "(": [0.19873046875, 0.05029296875, 0.14990234375, 0.05029296875, 0.14990234375, 0.09912109375, 0.19873046875, 0.09912109375], ",": [0.14892578125, 0.10009765625, 0.10009765625, 0.10009765625, 0.10009765625, 0.14892578125, 0.14892578125, 0.14892578125], "0": [0.09912109375, 0.14990234375, 0.05029296875, 0.14990234375, 0.05029296875, 0.19873046875, 0.09912109375, 0.19873046875], "4": [0.04931640625, 0.19970703125, 0.00048828125, 0.19970703125, 0.00048828125, 0.24853515625, 0.04931640625, 0.24853515625], "8": [0.24853515625, 0.19970703125, 0.19970703125, 0.19970703125, 0.19970703125, 0.24853515625, 0.24853515625, 0.24853515625], "<": [0.19873046875, 0.00048828125, 0.14990234375, 0.00048828125, 0.14990234375, 0.04931640625, 0.19873046875, 0.04931640625], "@": [0.14892578125, 0.05029296875, 0.10009765625, 0.05029296875, 0.10009765625, 0.09912109375, 0.14892578125, 0.09912109375], "D": [0.09912109375, 0.10009765625, 0.05029296875, 0.10009765625, 0.05029296875, 0.14892578125, 0.09912109375, 0.14892578125], "H": [0.04931640625, 0.14990234375, 0.00048828125, 0.14990234375, 0.00048828125, 0.19873046875, 0.04931640625, 0.19873046875], "L": [0.24853515625, 0.14990234375, 0.19970703125, 0.14990234375, 0.19970703125, 0.19873046875, 0.24853515625, 0.19873046875], "P": [0.19873046875, 0.19970703125, 0.14990234375, 0.19970703125, 0.14990234375, 0.24853515625, 0.19873046875, 0.24853515625], "T": [0.14892578125, 0.00048828125, 0.10009765625, 0.00048828125, 0.10009765625, 0.04931640625, 0.14892578125, 0.04931640625], "X": [0.09912109375, 0.05029296875, 0.05029296875, 0.05029296875, 0.05029296875, 0.09912109375, 0.09912109375, 0.09912109375], "\\": [0.04931640625, 0.10009765625, 0.00048828125, 0.10009765625, 0.00048828125, 0.14892578125, 0.04931640625, 0.14892578125], "`": [0.24853515625, 0.10009765625, 0.19970703125, 0.10009765625, 0.19970703125, 0.14892578125, 0.24853515625, 0.14892578125], "d": [0.19873046875, 0.14990234375, 0.14990234375, 0.14990234375, 0.14990234375, 0.19873046875, 0.19873046875, 0.19873046875], "h": [0.14892578125, 0.19970703125, 0.10009765625, 0.19970703125, 0.10009765625, 0.24853515625, 0.14892578125, 0.24853515625], "l": [0.09912109375, 0.00048828125, 0.05029296875, 0.00048828125, 0.05029296875, 0.04931640625, 0.09912109375, 0.04931640625], "p": [0.04931640625, 0.05029296875, 0.00048828125, 0.05029296875, 0.00048828125, 0.09912109375, 0.04931640625, 0.09912109375], "t": [0.24853515625, 0.05029296875, 0.19970703125, 0.05029296875, 0.19970703125, 0.09912109375, 0.24853515625, 0.09912109375], "x": [0.19873046875, 0.10009765625, 0.14990234375, 0.10009765625, 0.14990234375, 0.14892578125, 0.19873046875, 0.14892578125], "|": [0.14892578125, 0.14990234375, 0.10009765625, 0.14990234375, 0.10009765625, 0.19873046875, 0.14892578125, 0.19873046875], "#": [0.19873046875, 0.00048828125, 0.14990234375, 0.00048828125, 0.14990234375, 0.04931640625, 0.19873046875, 0.04931640625], "'": [0.14892578125, 0.05029296875, 0.10009765625, 0.05029296875, 0.10009765625, 0.09912109375, 0.14892578125, 0.09912109375], "+": [0.09912109375, 0.10009765625, 0.05029296875, 0.10009765625, 0.05029296875, 0.14892578125, 0.09912109375, 0.14892578125], "/": [0.04931640625, 0.14990234375, 0.00048828125, 0.14990234375, 0.00048828125, 0.19873046875, 0.04931640625, 0.19873046875], "3": [0.24853515625, 0.14990234375, 0.19970703125, 0.14990234375, 0.19970703125, 0.19873046875, 0.24853515625, 0.19873046875], "7": [0.19873046875, 0.19970703125, 0.14990234375, 0.19970703125, 0.14990234375, 0.24853515625, 0.19873046875, 0.24853515625], ";": [0.14892578125, 0.00048828125, 0.10009765625, 0.00048828125, 0.10009765625, 0.04931640625, 0.14892578125, 0.04931640625], "?": [0.09912109375, 0.05029296875, 0.05029296875, 0.05029296875, 0.05029296875, 0.09912109375, 0.09912109375, 0.09912109375], "C": [0.04931640625, 0.10009765625, 0.00048828125, 0.10009765625, 0.00048828125, 0.14892578125, 0.04931640625, 0.14892578125], "G": [0.24853515625, 0.10009765625, 0.19970703125, 0.10009765625, 0.19970703125, 0.14892578125, 0.24853515625, 0.14892578125], "K": [0.19873046875, 0.14990234375, 0.14990234375, 0.14990234375, 0.14990234375, 0.19873046875, 0.19873046875, 0.19873046875], "O": [0.14892578125, 0.19970703125, 0.10009765625, 0.19970703125, 0.10009765625, 0.24853515625, 0.14892578125, 0.24853515625], "S": [0.09912109375, 0.00048828125, 0.05029296875, 0.00048828125, 0.05029296875, 0.04931640625, 0.09912109375, 0.04931640625], "W": [0.04931640625, 0.05029296875, 0.00048828125, 0.05029296875, 0.00048828125, 0.09912109375, 0.04931640625, 0.09912109375], "[": [0.24853515625, 0.05029296875, 0.19970703125, 0.05029296875, 0.19970703125, 0.09912109375, 0.24853515625, 0.09912109375],