{"idxAdvPairs": {" ": [0, 0.17431906614785994], "$": [0, 0.47081712062256814], "(": [0, 0.28054474708171206], ",": [0, 0.22140077821011672], "0": [0, 0.5175097276264592], "4": [0, 0.4867704280155642], "8": [0, 0.4964980544747082], "<": [1, 0.3894941634241246], "@": [1, 0.8988326848249028], "D": [1, 0.5863813229571985], "H": [1, 0.7171206225680933], "L": [1, 0.5042801556420233], "P": [1, 0.49494163424124515], "T": [2, 0.5579766536964981], "X": [2, 0.5836575875486382], "\\": [2, 0.3688715953307393], "`": [2, 0.22957198443579765], "d": [2, 0.4933852140077821], "h": [2, 0.5268482490272374], "l": [3, 0.25914396887159535], "p": [3, 0.4859922178988327], "t": [3, 0.2964980544747082], "x": [3, 0.42412451361867703], "|": [3, 0.17704280155642024], "#": [0, 0.5536964980544747], "'": [0, 0.13229571984435798], "+": [0, 0.5101167315175098], "/": [0, 0.3299610894941635], "3": [0, 0.43190661478599224], "7": [0, 0.4190661478599222], ";": [1, 0.20389105058365758], "?": [1, 0.4143968871595331], "C": [1, 0.58715953307393], "G": [1, 0.654863813229572], "K": [1, 0.609727626459144], "O": [1, 0.6214007782101167], "S": [2, 0.47081712062256814], "W": [2, 0.9961089494163424], "[": [2, 0.28054474708171206], "_": [2, 0.398443579766537], "c": [2, 0.4350194552529183], "g": [2, 0.46692607003891046], "k": [3, 0.5003891050583658], "o": [3, 0.4766536964980545], "s": [3, 0.3863813229571984], "w": [3, 0.6381322957198443], "{": [3, 0.28054474708171206], "\"": [0, 0.25330739299610894], "&": [0, 0.5712062256809339], "*": [0, 0.3252918287937743], ".": [0, 0.177431906614786], "2": [0, 0.4280155642023346], "6": [0, 0.4859922178988327], ":": [1, 0.20389105058365758], ">": [1, 0.44630350194552526], "B": [1, 0.5260700389105059], "F": [1, 0.48365758754863813], "J": [1, 0.26536964980544747], "N": [1, 0.6319066147859922], "R": [2, 0.5673151750972762], "V": [2, 0.5778210116731518], "Z": [2, 0.47237354085603117], "^": [2, 0.47821011673151753], "b": [2, 0.4875486381322957], "f": [2, 0.2898832684824903], "j": [2, 0.2350194552529183], "n": [3, 0.5315175097276265], "r": [3, 0.3735408560311284], "v": [3, 0.4280155642023346], "z": [3, 0.3595330739299611], "~": [3, 0.47821011673151753], "!": [0, 0.26536964980544747], "%": [0, 0.6731517509727627], ")": [0, 0.28054474708171206], "-": [0, 0.28677042801556424], "1": [0, 0.33385214007782105], "5": [0, 0.4431906614785992], "9": [1, 0.49416342412451364], "=": [1, 0.3587548638132296], "A": [1, 0.6], "E": [1, 0.5003891050583658], "I": [1, 0.29961089494163423], "M": [1, 0.851750972762646], "Q": [1, 0.6214007782101167], "U": [2, 0.603112840466926], "Y": [2, 0.5268482490272374], "]": [2, 0.28054474708171206], "a": [2, 0.4357976653696498], "e": [2, 0.4571984435797665], "i": [2, 0.25564202334630354], "m": [3, 0.7976653696498055], "q": [3, 0.4692607003891051], "u": [3, 0.5252918287937743], "y": [3, 0.4575875486381323], "}": [3, 0.28054474708171206]}, "pivot": [-0.49221789883268485, -0.30311284046692605], "texCoords": {" ": [0.04931640625, 0.00048828125, 0.00048828125, 0.00048828125, 0.00048828125, 0.04931640625, 0.04931640625, 0.04931640625], "$": [0.24853515625, 0.00048828125, 0.19970703125, 0.00048828125, 0.19970703125, 0.04931640625, 0.24853515625, 0.04931640625], "(": [0.19873046875, 0.05029296875, 0.14990234375, 0.05029296875, 0.14990234375, 0.09912109375, 0.19873046875, 0.09912109375], ",": [0.14892578125, 0.10009765625, 0.10009765625, 0.10009765625, 0.10009765625, 0.14892578125, 0.14892578125, 0.14892578125], "0": [0.09912109375, 0.14990234375, 0.05029296875, 0.14990234375, 0.05029296875, 0.19873046875, 0.09912109375, 0.19873046875], "4": [0.04931640625, 0.19970703125, 0.00048828125, 0.19970703125, 0.00048828125, 0.24853515625, 0.04931640625, 0.24853515625], "8": [0.24853515625, 0.19970703125, 0.19970703125, 0.19970703125, 0.19970703125, 0.24853515625, 0.24853515625, 0.24853515625], "<": [0.19873046875, 0.00048828125, 0.14990234375, 0.00048828125, 0.14990234375, 0.04931640625, 0.19873046875, 0.04931640625], "@": [0.14892578125, 0.05029296875, 0.10009765625, 0.05029296875, 0.10009765625, 0.09912109375, 0.14892578125, 0.09912109375], "D": [0.09912109375, 0.10009765625, 0.05029296875, 0.10009765625, 0.05029296875, 0.14892578125, 0.09912109375, 0.14892578125], "H": [0.04931640625, 0.14990234375, 0.00048828125, 0.14990234375, 0.00048828125, 0.19873046875, 0.04931640625, 0.19873046875], "L": [0.24853515625, 0.14990234375, 0.19970703125, 0.14990234375, 0.19970703125, 0.19873046875, 0.24853515625, 0.19873046875], "P": [0.19873046875, 0.19970703125, 0.14990234375, 0.19970703125, 0.14990234375, 0.24853515625, 0.19873046875, 0.24853515625], "T": [0.14892578125, 0.00048828125, 0.10009765625, 0.00048828125, 0.10009765625, 0.04931640625, 0.14892578125, 0.04931640625], "X": [0.09912109375, 0.05029296875, 0.05029296875, 0.05029296875, 0.05029296875, 0.09912109375, 0.09912109375, 0.09912109375], "\\": [0.04931640625, 0.10009765625, 0.00048828125, 0.10009765625, 0.00048828125, 0.14892578125, 0.04931640625, 0.14892578125], "`": [0.24853515625, 0.10009765625, 0.19970703125, 0.10009765625, 0.19970703125, 0.14892578125, 0.24853515625, 0.14892578125], "d": [0.19873046875, 0.14990234375, 0.14990234375, 0.14990234375, 0.14990234375, 0.19873046875, 0.19873046875, 0.19873046875], "h": [0.14892578125, 0.19970703125, 0.10009765625, 0.19970703125, 0.10009765625, 0.24853515625, 0.14892578125, 0.24853515625], "l": [0.09912109375, 0.00048828125, 0.05029296875, 0.00048828125, 0.05029296875, 0.04931640625, 0.09912109375, 0.04931640625], "p": [0.04931640625, 0.05029296875, 0.00048828125, 0.05029296875, 0.00048828125, 0.09912109375, 0.04931640625, 0.09912109375], "t": [0.24853515625, 0.05029296875, 0.19970703125, 0.05029296875, 0.19970703125, 0.09912109375, 0.24853515625, 0.09912109375], "x": [0.19873046875, 0.10009765625, 0.14990234375, 0.10009765625, 0.14990234375, 0.14892578125, 0.19873046875, 0.14892578125], "|": [0.14892578125, 0.14990234375, 0.10009765625, 0.14990234375, 0.10009765625, 0.19873046875, 0.14892578125, 0.19873046875], "#": [0.19873046875, 0.00048828125, 0.14990234375, 0.00048828125, 0.14990234375, 0.04931640625, 0.19873046875, 0.04931640625], "'": [0.14892578125, 0.05029296875, 0.10009765625, 0.05029296875, 0.10009765625, 0.09912109375, 0.14892578125, 0.09912109375], "+": [0.09912109375, 0.10009765625, 0.05029296875, 0.10009765625, 0.05029296875, 0.14892578125, 0.09912109375, 0.14892578125], "/": [0.04931640625, 0.14990234375, 0.00048828125, 0.14990234375, 0.00048828125, 0.19873046875, 0.04931640625, 0.19873046875], "3": [0.24853515625, 0.14990234375, 0.19970703125, 0.14990234375, 0.19970703125, 0.19873046875, 0.24853515625, 0.19873046875], "7": [0.19873046875, 0.19970703125, 0.14990234375, 0.19970703125, 0.14990234375, 0.24853515625, 0.19873046875, 0.24853515625], ";": [0.14892578125, 0.00048828125, 0.10009765625, 0.00048828125, 0.10009765625, 0.04931640625, 0.14892578125, 0.04931640625], "?": [0.09912109375, 0.05029296875, 0.05029296875, 0.05029296875, 0.05029296875, 0.09912109375, 0.09912109375, 0.09912109375], "C": [0.04931640625, 0.10009765625, 0.00048828125, 0.10009765625, 0.00048828125, 0.14892578125, 0.04931640625, 0.14892578125], "G": [0.24853515625, 0.10009765625, 0.19970703125, 0.10009765625, 0.19970703125, 0.14892578125, 0.24853515625, 0.14892578125], "K": [0.19873046875, 0.14990234375, 0.14990234375, 0.14990234375, 0.14990234375, 0.19873046875, 0.19873046875, 0.19873046875], "O": [0.14892578125, 0.19970703125, 0.10009765625, 0.19970703125, 0.10009765625, 0.24853515625, 0.14892578125, 0.24853515625], "S": [0.09912109375, 0.00048828125, 0.05029296875, 0.00048828125, 0.05029296875, 0.04931640625, 0.09912109375, 0.04931640625], "W": [0.04931640625, 0.05029296875, 0.00048828125, 0.05029296875, 0.00048828125, 0.09912109375, 0.04931640625, 0.09912109375], "[": [0.24853515625, 0.05029296875, 0.19970703125, 0.05029296875, 0.19970703125, 0.09912109375, 0.24853515625, 0.09912109375],