{"idxAdvPairs": {" ": [0, 0.24732682473268247], "$": [0, 0.5323105532310554], "(": [0, 0.3296141329614133], ",": [0, 0.23802882380288237], "0": [0, 0.5323105532310554], "4": [0, 0.5323105532310554], "8": [0, 0.5323105532310554], "<": [1, 0.5323105532310554], "@": [1, 0.8768014876801488], "D": [1, 0.692236169223617], "H": [1, 0.7549976754997675], "L": [1, 0.593212459321246], "P": [1, 0.5750813575081358], "T": [2, 0.5834495583449558], "X": [2, 0.6285448628544863], "\\": [2, 0.2742910274291027], "`": [2, 0.5495118549511855], "d": [2, 0.5843793584379359], "h": [2, 0.604370060437006], "l": [3, 0.295211529521153], "p": [3, 0.5843793584379359], "t": [3, 0.33519293351929336], "x": [3, 0.5504416550441655], "|": [3, 0.5323105532310554], "#": [0, 0.5323105532310554], "'": [0, 0.2096699209669921], "+": [0, 0.5323105532310554], "/": [0, 0.2742910274291027], "3": [0, 0.5323105532310554], "7": [0, 0.5323105532310554], ";": [1, 0.23802882380288237], "?": [1, 0.47605764760576474], "C": [1, 0.5843793584379359], "G": [1, 0.6796838679683869], "K": [1, 0.6666666666666667], "O": [1, 0.7066480706648071], "S": [2, 0.5178986517898652], "W": [2, 0.99674569967457], "[": [2, 0.3417015341701534], "_": [2, 0.4370060437006044], "c": [2, 0.4686192468619247], "g": [2, 0.5123198512319851], "k": [3, 0.5569502556950255], "o": [3, 0.5495118549511855], "s": [3, 0.4295676429567643], "w": [3, 0.8205485820548583], "{": [3, 0.40771734077173405], "\"": [0, 0.38865643886564394], "&": [0, 0.7066480706648071], "*": [0, 0.47605764760576474], ".": [0, 0.27243142724314273], "2": [0, 0.5323105532310554], "6": [0, 0.5323105532310554], ":": [1, 0.2733612273361227], ">": [1, 0.5323105532310554], "B": [1, 0.6225011622501162], "F": [1, 0.5615992561599257], "J": [1, 0.33984193398419343], "N": [1, 0.7266387726638773], "R": [2, 0.6243607624360762], "V": [2, 0.6424918642491865], "Z": [2, 0.5634588563458857], "^": [2, 0.5323105532310554], "b": [2, 0.5843793584379359], "f": [2, 0.35146443514644354], "j": [2, 0.28544862854486286], "n": [3, 0.6141329614132962], "r": [3, 0.4486285448628545], "v": [3, 0.5513714551371455], "z": [3, 0.48675034867503486], "~": [3, 0.5341701534170153], "!": [0, 0.3170618317061832], "%": [0, 0.8530915853091585], ")": [0, 0.3296141329614133], "-": [0, 0.295211529521153], "1": [0, 0.5323105532310554], "5": [0, 0.5323105532310554], "9": [1, 0.5323105532310554], "=": [1, 0.5323105532310554], "A": [1, 0.6713156671315668], "E": [1, 0.593212459321246], "I": [1, 0.34960483496048345], "M": [1, 0.893072989307299], "Q": [1, 0.7066480706648071], "U": [2, 0.6824732682473268], "Y": [2, 0.595072059507206], "]": [2, 0.34263133426313347], "a": [2, 0.5360297536029753], "e": [2, 0.509530450953045], "i": [2, 0.304509530450953], "m": [3, 0.8995815899581591], "q": [3, 0.5843793584379359], "u": [3, 0.604370060437006], "y": [3, 0.5378893537889354], "}": [3, 0.40771734077173405]}, "pivot": [-0.4883774988377499, -0.2712691771269178], "texCoords": {" ": [0.04931640625, 0.00048828125, 0.00048828125, 0.00048828125, 0.00048828125, 0.04931640625, 0.04931640625, 0.04931640625], "$": [0.24853515625, 0.00048828125, 0.19970703125, 0.00048828125, 0.19970703125, 0.04931640625, 0.24853515625, 0.04931640625], "(": [0.19873046875, 0.05029296875, 0.14990234375, 0.05029296875, 0.14990234375, 0.09912109375, 0.19873046875, 0.09912109375], ",": [0.14892578125, 0.10009765625, 0.10009765625, 0.10009765625, 0.10009765625, 0.14892578125, 0.14892578125, 0.14892578125], "0": [0.09912109375, 0.14990234375, 0.05029296875, 0.14990234375, 0.05029296875, 0.19873046875, 0.09912109375, 0.19873046875], "4": [0.04931640625, 0.19970703125, 0.00048828125, 0.19970703125, 0.00048828125, 0.24853515625, 0.04931640625, 0.24853515625], "8": [0.24853515625, 0.19970703125, 0.19970703125, 0.19970703125, 0.19970703125, 0.24853515625, 0.24853515625, 0.24853515625], "<": [0.19873046875, 0.00048828125, 0.14990234375, 0.00048828125, 0.14990234375, 0.04931640625, 0.19873046875, 0.04931640625], "@": [0.14892578125, 0.05029296875, 0.10009765625, 0.05029296875, 0.10009765625, 0.09912109375, 0.14892578125, 0.09912109375], "D": [0.09912109375, 0.10009765625, 0.05029296875, 0.10009765625, 0.05029296875, 0.14892578125, 0.09912109375, 0.14892578125], "H": [0.04931640625, 0.14990234375, 0.00048828125, 0.14990234375, 0.00048828125, 0.19873046875, 0.04931640625, 0.19873046875], "L": [0.24853515625, 0.14990234375, 0.19970703125, 0.14990234375, 0.19970703125, 0.19873046875, 0.24853515625, 0.19873046875], "P": [0.19873046875, 0.19970703125, 0.14990234375, 0.19970703125, 0.14990234375, 0.24853515625, 0.19873046875, 0.24853515625], "T": [0.14892578125, 0.00048828125, 0.10009765625, 0.00048828125, 0.10009765625, 0.04931640625, 0.14892578125, 0.04931640625], "X": [0.09912109375, 0.05029296875, 0.05029296875, 0.05029296875, 0.05029296875, 0.09912109375, 0.09912109375, 0.09912109375], "\\": [0.04931640625, 0.10009765625, 0.00048828125, 0.10009765625, 0.00048828125, 0.14892578125, 0.04931640625, 0.14892578125], "`": [0.24853515625, 0.10009765625, 0.19970703125, 0.10009765625, 0.19970703125, 0.14892578125, 0.24853515625, 0.14892578125], "d": [0.19873046875, 0.14990234375, 0.14990234375, 0.14990234375, 0.14990234375, 0.19873046875, 0.19873046875, 0.19873046875], "h": [0.14892578125, 0.19970703125, 0.10009765625, 0.19970703125, 0.10009765625, 0.24853515625, 0.14892578125, 0.24853515625], "l": [0.09912109375, 0.00048828125, 0.05029296875, 0.00048828125, 0.05029296875, 0.04931640625, 0.09912109375, 0.04931640625], "p": [0.04931640625, 0.05029296875, 0.00048828125, 0.05029296875, 0.00048828125, 0.09912109375, 0.04931640625, 0.09912109375], "t": [0.24853515625, 0.05029296875, 0.19970703125, 0.05029296875, 0.19970703125, 0.09912109375, 0.24853515625, 0.09912109375], "x": [0.19873046875, 0.10009765625, 0.14990234375, 0.10009765625, 0.14990234375, 0.14892578125, 0.19873046875, 0.14892578125], "|": [0.14892578125, 0.14990234375, 0.10009765625, 0.14990234375, 0.10009765625, 0.19873046875, 0.14892578125, 0.19873046875], "#": [0.19873046875, 0.00048828125, 0.14990234375, 0.00048828125, 0.14990234375, 0.04931640625, 0.19873046875, 0.04931640625], "'": [0.14892578125, 0.05029296875, 0.10009765625, 0.05029296875, 0.10009765625, 0.09912109375, 0.14892578125, 0.09912109375], "+": [0.09912109375, 0.10009765625, 0.05029296875, 0.10009765625, 0.05029296875, 0.14892578125, 0.09912109375, 0.14892578125], "/": [0.04931640625, 0.14990234375, 0.00048828125, 0.14990234375, 0.00048828125, 0.19873046875, 0.04931640625, 0.19873046875], "3": [0.24853515625, 0.14990234375, 0.19970703125, 0.14990234375, 0.19970703125, 0.19873046875, 0.24853515625, 0.19873046875], "7": [0.19873046875, 0.19970703125, 0.14990234375, 0.19970703125, 0.14990234375, 0.24853515625, 0.19873046875, 0.24853515625], ";": [0.14892578125, 0.00048828125, 0.10009765625, 0.00048828125, 0.10009765625, 0.04931640625, 0.14892578125, 0.04931640625], "?": [0.09912109375, 0.05029296875, 0.05029296875, 0.05029296875, 0.05029296875, 0.09912109375, 0.09912109375, 0.09912109375], "C": [0.04931640625, 0.10009765625, 0.00048828125, 0.10009765625, 0.00048828125, 0.14892578125, 0.04931640625, 0.14892578125], "G": [0.24853515625, 0.10009765625, 0.19970703125, 0.10009765625, 0.19970703125, 0.14892578125, 0.24853515625, 0.14892578125], "K": [0.19873046875, 0.14990234375, 0.14990234375, 0.14990234375, 0.14990234375, 0.19873046875, 0.19873046875, 0.19873046875], "O": [0.14892578125, 0.19970703125, 0.10009765625, 0.19970703125, 0.10009765625, 0.24853515625, 0.14892578125, 0.24853515625], "S": [0.09912109375, 0.00048828125, 0.05029296875, 0.00048828125, 0.05029296875, 0.04931640625, 0.09912109375, 0.04931640625], "W": [0.04931640625, 0.05029296875, 0.00048828125, 0.05029296875, 0.00048828125, 0.09912109375, 0.04931640625, 0.09912109375], "[": [0.24853515625, 0.05029296875, 0.19970703125, 0.05029296875, 0.19970703125, 0.09912109375, 0.24853515625, 0.09912109375],