{"idxAdvPairs": {" ": [0, 0.24841915085817526], "$": [0, 0.4968383017163505], "(": [0, 0.2994579945799458], ",": [0, 0.24841915085817526], "0": [0, 0.5311653116531165], "4": [0, 0.4634146341463415], "8": [0, 0.4598012646793135], "<": [1, 0.5185185185185186], "@": [1, 0.8401084010840109], "D": [1, 0.6151761517615176], "H": [1, 0.6589882565492321], "L": [1, 0.4598012646793135], "P": [1, 0.4977416440831075], "T": [2, 0.514453477868112], "X": [2, 0.5749774164408311], "\\": [2, 0.3762420957542909], "`": [2, 0.3757904245709124], "d": [2, 0.5356820234869015], "h": [2, 0.5980126467931346], "l": [3, 0.2899728997289973], "p": [3, 0.5239385727190605], "t": [3, 0.33514001806684734], "x": [3, 0.4905149051490515], "|": [3, 0.2971996386630533], "#": [0, 0.5948509485094852], "'": [0, 0.15627822944896116], "+": [0, 0.480126467931346], "/": [0, 0.3762420957542909], "3": [0, 0.4471544715447155], "7": [0, 0.41824751580849145], ";": [1, 0.27145438121047877], "?": [1, 0.460252935862692], "C": [1, 0.5311653116531165], "G": [1, 0.5871725383920505], "K": [1, 0.5889792231255646], "O": [1, 0.6074977416440831], "S": [2, 0.48148148148148145], "W": [2, 0.9024390243902439], "[": [2, 0.2863595302619693], "_": [2, 0.5040650406504065], "c": [2, 0.4390243902439025], "g": [2, 0.48554652213188804], "k": [3, 0.5352303523035231], "o": [3, 0.5031616982836495], "s": [3, 0.43812104787714545], "w": [3, 0.7827461607949412], "{": [3, 0.3676603432700994], "\"": [0, 0.2728093947606143], "&": [0, 0.6499548328816621], "*": [0, 0.3523035230352303], ".": [0, 0.24841915085817526], "2": [0, 0.4435411020776875], "6": [0, 0.47470641373080397], ":": [1, 0.26919602529358627], ">": [1, 0.5185185185185186], "B": [1, 0.5239385727190605], "F": [1, 0.47109304426377596], "J": [1, 0.3879855465221319], "N": [1, 0.6919602529358627], "R": [2, 0.5442637759710931], "V": [2, 0.5329719963866305], "Z": [2, 0.5103884372177055], "^": [2, 0.4986449864498645], "b": [2, 0.5067750677506775], "f": [2, 0.33739837398373984], "j": [2, 0.25700090334236675], "n": [3, 0.6079494128274616], "r": [3, 0.3997289972899729], "v": [3, 0.4796747967479675], "z": [3, 0.43676603432700994], "~": [3, 0.546973803071364], "!": [0, 0.2673893405600723], "%": [0, 0.7601626016260162], ")": [0, 0.2994579945799458], "-": [0, 0.3626919602529359], "1": [0, 0.3288166214995483], "5": [0, 0.47109304426377596], "9": [1, 0.47786811201445345], "=": [1, 0.5067750677506775], "A": [1, 0.5501355013550135], "E": [1, 0.537940379403794], "I": [1, 0.2904245709123758], "M": [1, 0.868112014453478], "Q": [1, 0.6142728093947606], "U": [2, 0.6133694670280037], "Y": [2, 0.5067750677506775], "]": [2, 0.2863595302619693], "a": [2, 0.5194218608852755], "e": [2, 0.4670280036133695], "i": [2, 0.2981029810298103], "m": [3, 0.9186991869918699], "q": [3, 0.490063233965673], "u": [3, 0.5700090334236676], "y": [3, 0.4995483288166215], "}": [3, 0.3676603432700994]}, "pivot": [-0.45302619692863594, -0.2574525745257452], "texCoords": {" ": [0.04931640625, 0.00048828125, 0.00048828125, 0.00048828125, 0.00048828125, 0.04931640625, 0.04931640625, 0.04931640625], "$": [0.24853515625, 0.00048828125, 0.19970703125, 0.00048828125, 0.19970703125, 0.04931640625, 0.24853515625, 0.04931640625], "(": [0.19873046875, 0.05029296875, 0.14990234375, 0.05029296875, 0.14990234375, 0.09912109375, 0.19873046875, 0.09912109375], ",": [0.14892578125, 0.10009765625, 0.10009765625, 0.10009765625, 0.10009765625, 0.14892578125, 0.14892578125, 0.14892578125], "0": [0.09912109375, 0.14990234375, 0.05029296875, 0.14990234375, 0.05029296875, 0.19873046875, 0.09912109375, 0.19873046875], "4": [0.04931640625, 0.19970703125, 0.00048828125, 0.19970703125, 0.00048828125, 0.24853515625, 0.04931640625, 0.24853515625], "8": [0.24853515625, 0.19970703125, 0.19970703125, 0.19970703125, 0.19970703125, 0.24853515625, 0.24853515625, 0.24853515625], "<": [0.19873046875, 0.00048828125, 0.14990234375, 0.00048828125, 0.14990234375, 0.04931640625, 0.19873046875, 0.04931640625], "@": [0.14892578125, 0.05029296875, 0.10009765625, 0.05029296875, 0.10009765625, 0.09912109375, 0.14892578125, 0.09912109375], "D": [0.09912109375, 0.10009765625, 0.05029296875, 0.10009765625, 0.05029296875, 0.14892578125, 0.09912109375, 0.14892578125], "H": [0.04931640625, 0.14990234375, 0.00048828125, 0.14990234375, 0.00048828125, 0.19873046875, 0.04931640625, 0.19873046875], "L": [0.24853515625, 0.14990234375, 0.19970703125, 0.14990234375, 0.19970703125, 0.19873046875, 0.24853515625, 0.19873046875], "P": [0.19873046875, 0.19970703125, 0.14990234375, 0.19970703125, 0.14990234375, 0.24853515625, 0.19873046875, 0.24853515625], "T": [0.14892578125, 0.00048828125, 0.10009765625, 0.00048828125, 0.10009765625, 0.04931640625, 0.14892578125, 0.04931640625], "X": [0.09912109375, 0.05029296875, 0.05029296875, 0.05029296875, 0.05029296875, 0.09912109375, 0.09912109375, 0.09912109375], "\\": [0.04931640625, 0.10009765625, 0.00048828125, 0.10009765625, 0.00048828125, 0.14892578125, 0.04931640625, 0.14892578125], "`": [0.24853515625, 0.10009765625, 0.19970703125, 0.10009765625, 0.19970703125, 0.14892578125, 0.24853515625, 0.14892578125], "d": [0.19873046875, 0.14990234375, 0.14990234375, 0.14990234375, 0.14990234375, 0.19873046875, 0.19873046875, 0.19873046875], "h": [0.14892578125, 0.19970703125, 0.10009765625, 0.19970703125, 0.10009765625, 0.24853515625, 0.14892578125, 0.24853515625], "l": [0.09912109375, 0.00048828125, 0.05029296875, 0.00048828125, 0.05029296875, 0.04931640625, 0.09912109375, 0.04931640625], "p": [0.04931640625, 0.05029296875, 0.00048828125, 0.05029296875, 0.00048828125, 0.09912109375, 0.04931640625, 0.09912109375], "t": [0.24853515625, 0.05029296875, 0.19970703125, 0.05029296875, 0.19970703125, 0.09912109375, 0.24853515625, 0.09912109375], "x": [0.19873046875, 0.10009765625, 0.14990234375, 0.10009765625, 0.14990234375, 0.14892578125, 0.19873046875, 0.14892578125], "|": [0.14892578125, 0.14990234375, 0.10009765625, 0.14990234375, 0.10009765625, 0.19873046875, 0.14892578125, 0.19873046875], "#": [0.19873046875, 0.00048828125, 0.14990234375, 0.00048828125, 0.14990234375, 0.04931640625, 0.19873046875, 0.04931640625], "'": [0.14892578125, 0.05029296875, 0.10009765625, 0.05029296875, 0.10009765625, 0.09912109375, 0.14892578125, 0.09912109375], "+": [0.09912109375, 0.10009765625, 0.05029296875, 0.10009765625, 0.05029296875, 0.14892578125, 0.09912109375, 0.14892578125], "/": [0.04931640625, 0.14990234375, 0.00048828125, 0.14990234375, 0.00048828125, 0.19873046875, 0.04931640625, 0.19873046875], "3": [0.24853515625, 0.14990234375, 0.19970703125, 0.14990234375, 0.19970703125, 0.19873046875, 0.24853515625, 0.19873046875], "7": [0.19873046875, 0.19970703125, 0.14990234375, 0.19970703125, 0.14990234375, 0.24853515625, 0.19873046875, 0.24853515625], ";": [0.14892578125, 0.00048828125, 0.10009765625, 0.00048828125, 0.10009765625, 0.04931640625, 0.14892578125, 0.04931640625], "?": [0.09912109375, 0.05029296875, 0.05029296875, 0.05029296875, 0.05029296875, 0.09912109375, 0.09912109375, 0.09912109375], "C": [0.04931640625, 0.10009765625, 0.00048828125, 0.10009765625, 0.00048828125, 0.14892578125, 0.04931640625, 0.14892578125], "G": [0.24853515625, 0.10009765625, 0.19970703125, 0.10009765625, 0.19970703125, 0.14892578125, 0.24853515625, 0.14892578125], "K": [0.19873046875, 0.14990234375, 0.14990234375, 0.14990234375, 0.14990234375, 0.19873046875, 0.19873046875, 0.19873046875], "O": [0.14892578125, 0.19970703125, 0.10009765625, 0.19970703125, 0.10009765625, 0.24853515625, 0.14892578125, 0.24853515625], "S": [0.09912109375, 0.00048828125, 0.05029296875, 0.00048828125, 0.05029296875, 0.04931640625, 0.09912109375, 0.04931640625], "W": [0.04931640625, 0.05029296875, 0.00048828125, 0.05029296875, 0.00048828125, 0.09912109375, 0.04931640625, 0.09912109375], "[": [0.24853515625, 0.05029296875, 0.19970703125, 0.05029296875, 0.19970703125, 0.09912109375, 0.24853515625, 0.09912109375],