{"idxAdvPairs": {" ": [0, 0.2453166815343443], "$": [0, 0.5040142729705619], "(": [0, 0.33140053523639607], ",": [0, 0.26583407671721676], "0": [0, 0.5512934879571811], "4": [0, 0.46966993755575376], "8": [0, 0.4817127564674398], "<": [1, 0.5209634255129348], "@": [1, 0.9054415700267617], "D": [1, 0.6369313113291704], "H": [1, 0.6873327386262266], "L": [1, 0.47546833184656556], "P": [1, 0.5200713648528099], "T": [2, 0.5383586083853702], "X": [2, 0.6025869759143622], "\\": [2, 0.39384478144513824], "`": [2, 0.3960749330954505], "d": [2, 0.5539696699375557], "h": [2, 0.6146297948260482], "l": [3, 0.29616413916146295], "p": [3, 0.5548617305976806], "t": [3, 0.34433541480820695], "x": [3, 0.5209634255129348], "|": [3, 0.2934879571810883], "#": [0, 0.6186440677966101], "'": [0, 0.17216770740410348], "+": [0, 0.491971454058876], "/": [0, 0.39384478144513824], "3": [0, 0.451828724353256], "7": [0, 0.4241748438893845], ";": [1, 0.26583407671721676], "?": [1, 0.4634255129348796], "C": [1, 0.5289919714540589], "G": [1, 0.5932203389830508], "K": [1, 0.6217662801070473], "O": [1, 0.627564674397859], "S": [2, 0.5040142729705619], "W": [2, 0.928635147190009], "[": [2, 0.3024085637823372], "_": [2, 0.5245316681534343], "c": [2, 0.4424620874219447], "g": [2, 0.48706512042818906], "k": [3, 0.568242640499554], "o": [3, 0.5209634255129348], "s": [3, 0.42908117752007136], "w": [3, 0.7890276538804638], "{": [3, 0.38537020517395176], "\"": [0, 0.29616413916146295], "&": [0, 0.7051739518287243], "*": [0, 0.3991971454058876], ".": [0, 0.25245316681534347], "2": [0, 0.4817127564674398], "6": [0, 0.49553969669937553], ":": [1, 0.25245316681534347], ">": [1, 0.5209634255129348], "B": [1, 0.5504014272970561], "F": [1, 0.48305084745762705], "J": [1, 0.40008920606601245], "N": [1, 0.7042818911685994], "R": [2, 0.571364852809991], "V": [2, 0.5611061552185549], "Z": [2, 0.5196253345227475], "^": [2, 0.49241748438893845], "b": [2, 0.5379125780553078], "f": [2, 0.33764495985727033], "j": [2, 0.2925958965209634], "n": [3, 0.6208742194469223], "r": [3, 0.4099018733273862], "v": [3, 0.4906333630686886], "z": [3, 0.4634255129348796], "~": [3, 0.571364852809991], "!": [0, 0.2863514719000892], "%": [0, 0.755129348795718], ")": [0, 0.33140053523639607], "-": [0, 0.46966993755575376], "1": [0, 0.3684210526315789], "5": [0, 0.48082069580731485], "9": [1, 0.4852809991079393], "=": [1, 0.5182872435325602], "A": [1, 0.5646743978590544], "E": [1, 0.5365744870651205], "I": [1, 0.3198037466547725], "M": [1, 0.8969669937555753], "Q": [1, 0.6413916146297948], "U": [2, 0.6244424620874219], "Y": [2, 0.5227475468331846], "]": [2, 0.3024085637823372], "a": [2, 0.5298840321141838], "e": [2, 0.48082069580731485], "i": [2, 0.31043710972346117], "m": [3, 0.9339875111507583], "q": [3, 0.5205173951828724], "u": [3, 0.5869759143621766], "y": [3, 0.49241748438893845], "}": [3, 0.38537020517395176]}, "pivot": [-0.44826048171275645, -0.26048171275646753], "texCoords": {" ": [0.04931640625, 0.00048828125, 0.00048828125, 0.00048828125, 0.00048828125, 0.04931640625, 0.04931640625, 0.04931640625], "$": [0.24853515625, 0.00048828125, 0.19970703125, 0.00048828125, 0.19970703125, 0.04931640625, 0.24853515625, 0.04931640625], "(": [0.19873046875, 0.05029296875, 0.14990234375, 0.05029296875, 0.14990234375, 0.09912109375, 0.19873046875, 0.09912109375], ",": [0.14892578125, 0.10009765625, 0.10009765625, 0.10009765625, 0.10009765625, 0.14892578125, 0.14892578125, 0.14892578125], "0": [0.09912109375, 0.14990234375, 0.05029296875, 0.14990234375, 0.05029296875, 0.19873046875, 0.09912109375, 0.19873046875], "4": [0.04931640625, 0.19970703125, 0.00048828125, 0.19970703125, 0.00048828125, 0.24853515625, 0.04931640625, 0.24853515625], "8": [0.24853515625, 0.19970703125, 0.19970703125, 0.19970703125, 0.19970703125, 0.24853515625, 0.24853515625, 0.24853515625], "<": [0.19873046875, 0.00048828125, 0.14990234375, 0.00048828125, 0.14990234375, 0.04931640625, 0.19873046875, 0.04931640625], "@": [0.14892578125, 0.05029296875, 0.10009765625, 0.05029296875, 0.10009765625, 0.09912109375, 0.14892578125, 0.09912109375], "D": [0.09912109375, 0.10009765625, 0.05029296875, 0.10009765625, 0.05029296875, 0.14892578125, 0.09912109375, 0.14892578125], "H": [0.04931640625, 0.14990234375, 0.00048828125, 0.14990234375, 0.00048828125, 0.19873046875, 0.04931640625, 0.19873046875], "L": [0.24853515625, 0.14990234375, 0.19970703125, 0.14990234375, 0.19970703125, 0.19873046875, 0.24853515625, 0.19873046875], "P": [0.19873046875, 0.19970703125, 0.14990234375, 0.19970703125, 0.14990234375, 0.24853515625, 0.19873046875, 0.24853515625], "T": [0.14892578125, 0.00048828125, 0.10009765625, 0.00048828125, 0.10009765625, 0.04931640625, 0.14892578125, 0.04931640625], "X": [0.09912109375, 0.05029296875, 0.05029296875, 0.05029296875, 0.05029296875, 0.09912109375, 0.09912109375, 0.09912109375], "\\": [0.04931640625, 0.10009765625, 0.00048828125, 0.10009765625, 0.00048828125, 0.14892578125, 0.04931640625, 0.14892578125], "`": [0.24853515625, 0.10009765625, 0.19970703125, 0.10009765625, 0.19970703125, 0.14892578125, 0.24853515625, 0.14892578125], "d": [0.19873046875, 0.14990234375, 0.14990234375, 0.14990234375, 0.14990234375, 0.19873046875, 0.19873046875, 0.19873046875], "h": [0.14892578125, 0.19970703125, 0.10009765625, 0.19970703125, 0.10009765625, 0.24853515625, 0.14892578125, 0.24853515625], "l": [0.09912109375, 0.00048828125, 0.05029296875, 0.00048828125, 0.05029296875, 0.04931640625, 0.09912109375, 0.04931640625], "p": [0.04931640625, 0.05029296875, 0.00048828125, 0.05029296875, 0.00048828125, 0.09912109375, 0.04931640625, 0.09912109375], "t": [0.24853515625, 0.05029296875, 0.19970703125, 0.05029296875, 0.19970703125, 0.09912109375, 0.24853515625, 0.09912109375], "x": [0.19873046875, 0.10009765625, 0.14990234375, 0.10009765625, 0.14990234375, 0.14892578125, 0.19873046875, 0.14892578125], "|": [0.14892578125, 0.14990234375, 0.10009765625, 0.14990234375, 0.10009765625, 0.19873046875, 0.14892578125, 0.19873046875], "#": [0.19873046875, 0.00048828125, 0.14990234375, 0.00048828125, 0.14990234375, 0.04931640625, 0.19873046875, 0.04931640625], "'": [0.14892578125, 0.05029296875, 0.10009765625, 0.05029296875, 0.10009765625, 0.09912109375, 0.14892578125, 0.09912109375], "+": [0.09912109375, 0.10009765625, 0.05029296875, 0.10009765625, 0.05029296875, 0.14892578125, 0.09912109375, 0.14892578125], "/": [0.04931640625, 0.14990234375, 0.00048828125, 0.14990234375, 0.00048828125, 0.19873046875, 0.04931640625, 0.19873046875], "3": [0.24853515625, 0.14990234375, 0.19970703125, 0.14990234375, 0.19970703125, 0.19873046875, 0.24853515625, 0.19873046875], "7": [0.19873046875, 0.19970703125, 0.14990234375, 0.19970703125, 0.14990234375, 0.24853515625, 0.19873046875, 0.24853515625], ";": [0.14892578125, 0.00048828125, 0.10009765625, 0.00048828125, 0.10009765625, 0.04931640625, 0.14892578125, 0.04931640625], "?": [0.09912109375, 0.05029296875, 0.05029296875, 0.05029296875, 0.05029296875, 0.09912109375, 0.09912109375, 0.09912109375], "C": [0.04931640625, 0.10009765625, 0.00048828125, 0.10009765625, 0.00048828125, 0.14892578125, 0.04931640625, 0.14892578125], "G": [0.24853515625, 0.10009765625, 0.19970703125, 0.10009765625, 0.19970703125, 0.14892578125, 0.24853515625, 0.14892578125], "K": [0.19873046875, 0.14990234375, 0.14990234375, 0.14990234375, 0.14990234375, 0.19873046875, 0.19873046875, 0.19873046875], "O": [0.14892578125, 0.19970703125, 0.10009765625, 0.19970703125, 0.10009765625, 0.24853515625, 0.14892578125, 0.24853515625], "S": [0.09912109375, 0.00048828125, 0.05029296875, 0.00048828125, 0.05029296875, 0.04931640625, 0.09912109375, 0.04931640625], "W": [0.04931640625, 0.05029296875, 0.00048828125, 0.05029296875, 0.00048828125, 0.09912109375, 0.04931640625, 0.09912109375], "[": [0.24853515625, 0.05029296875, 0.19970703125, 0.05029296875, 0.19970703125, 0.09912109375, 0.24853515625, 0.09912109375],