{"idxAdvPairs": {" ": [0, 0.22651448639157157], "$": [0, 0.5267778753292361], "(": [0, 0.27568042142230026], ",": [0, 0.20105355575065847], "0": [0, 0.5267778753292361], "4": [0, 0.5267778753292361], "8": [0, 0.5267778753292361], "<": [1, 0.5267778753292361], "@": [1, 0.8129938542581211], "D": [1, 0.6488147497805091], "H": [1, 0.665496049165935], "L": [1, 0.4741000877963126], "P": [1, 0.5662862159789289], "T": [2, 0.5250219490781387], "X": [2, 0.5671641791044776], "\\": [2, 0.24758560140474098], "`": [2, 0.2633889376646181], "d": [2, 0.5109745390693591], "h": [2, 0.49868305531167684], "l": [3, 0.20368744512730466], "p": [3, 0.5109745390693591], "t": [3, 0.29850746268656714], "x": [3, 0.4547848990342406], "|": [3, 0.2291483757682177], "#": [0, 0.5267778753292361], "'": [0, 0.19402985074626866], "+": [0, 0.5267778753292361], "/": [0, 0.2484635645302897], "3": [0, 0.5267778753292361], "7": [0, 0.5267778753292361], ";": [1, 0.20105355575065847], "?": [1, 0.38893766461808604], "C": [1, 0.5943810359964882], "G": [1, 0.6356453028972783], "K": [1, 0.5513608428446005], "O": [1, 0.6707638279192274], "S": [2, 0.5417032484635645], "W": [2, 0.9666374012291483], "[": [2, 0.27568042142230026], "_": [2, 0.4389815627743634], "c": [2, 0.42054433713784023], "g": [2, 0.514486391571554], "k": [3, 0.4389815627743634], "o": [3, 0.4872695346795435], "s": [3, 0.42142230026338895], "w": [3, 0.7392449517120281], "{": [3, 0.3081650570676031], "\"": [0, 0.36962247585601404], "&": [0, 0.5829675153643546], "*": [0, 0.39508340649692714], ".": [0, 0.20105355575065847], "2": [0, 0.5267778753292361], "6": [0, 0.5258999122036875], ":": [1, 0.20105355575065847], ">": [1, 0.5267778753292361], "B": [1, 0.591747146619842], "F": [1, 0.48902546093064087], "J": [1, 0.286215978928885], "N": [1, 0.6488147497805091], "R": [2, 0.6022827041264267], "V": [2, 0.6066725197541704], "Z": [2, 0.5179982440737488], "^": [2, 0.5267778753292361], "b": [2, 0.5109745390693591], "f": [2, 0.28797190517998245], "j": [2, 0.20368744512730466], "n": [3, 0.49868305531167684], "r": [3, 0.3099209833187006], "v": [3, 0.4512730465320456], "z": [3, 0.44161545215100967], "~": [3, 0.5267778753292361], "!": [0, 0.20105355575065847], "%": [0, 0.8165057067603161], ")": [0, 0.27568042142230026], "-": [0, 0.3731343283582089], "1": [0, 0.5267778753292361], "5": [0, 0.5267778753292361], "9": [1, 0.5267778753292361], "=": [1, 0.5267778753292361], "A": [1, 0.6382791922739245], "E": [1, 0.5109745390693591], "I": [1, 0.2247585601404741], "M": [1, 0.7383669885864793], "Q": [1, 0.6707638279192274], "U": [2, 0.6356453028972783], "Y": [2, 0.5276558384547849], "]": [2, 0.27568042142230026], "a": [2, 0.4653204565408252], "e": [2, 0.4626865671641791], "i": [2, 0.20368744512730466], "m": [3, 0.7480245829675154], "q": [3, 0.5109745390693591], "u": [3, 0.49253731343283585], "y": [3, 0.4512730465320456], "}": [3, 0.3081650570676031]}, "pivot": [-0.43327480245829675, -0.33582089552238814], "texCoords": {" ": [0.04931640625, 0.00048828125, 0.00048828125, 0.00048828125, 0.00048828125, 0.04931640625, 0.04931640625, 0.04931640625], "$": [0.24853515625, 0.00048828125, 0.19970703125, 0.00048828125, 0.19970703125, 0.04931640625, 0.24853515625, 0.04931640625], "(": [0.19873046875, 0.05029296875, 0.14990234375, 0.05029296875, 0.14990234375, 0.09912109375, 0.19873046875, 0.09912109375], ",": [0.14892578125, 0.10009765625, 0.10009765625, 0.10009765625, 0.10009765625, 0.14892578125, 0.14892578125, 0.14892578125], "0": [0.09912109375, 0.14990234375, 0.05029296875, 0.14990234375, 0.05029296875, 0.19873046875, 0.09912109375, 0.19873046875], "4": [0.04931640625, 0.19970703125, 0.00048828125, 0.19970703125, 0.00048828125, 0.24853515625, 0.04931640625, 0.24853515625], "8": [0.24853515625, 0.19970703125, 0.19970703125, 0.19970703125, 0.19970703125, 0.24853515625, 0.24853515625, 0.24853515625], "<": [0.19873046875, 0.00048828125, 0.14990234375, 0.00048828125, 0.14990234375, 0.04931640625, 0.19873046875, 0.04931640625], "@": [0.14892578125, 0.05029296875, 0.10009765625, 0.05029296875, 0.10009765625, 0.09912109375, 0.14892578125, 0.09912109375], "D": [0.09912109375, 0.10009765625, 0.05029296875, 0.10009765625, 0.05029296875, 0.14892578125, 0.09912109375, 0.14892578125], "H": [0.04931640625, 0.14990234375, 0.00048828125, 0.14990234375, 0.00048828125, 0.19873046875, 0.04931640625, 0.19873046875], "L": [0.24853515625, 0.14990234375, 0.19970703125, 0.14990234375, 0.19970703125, 0.19873046875, 0.24853515625, 0.19873046875], "P": [0.19873046875, 0.19970703125, 0.14990234375, 0.19970703125, 0.14990234375, 0.24853515625, 0.19873046875, 0.24853515625], "T": [0.14892578125, 0.00048828125, 0.10009765625, 0.00048828125, 0.10009765625, 0.04931640625, 0.14892578125, 0.04931640625], "X": [0.09912109375, 0.05029296875, 0.05029296875, 0.05029296875, 0.05029296875, 0.09912109375, 0.09912109375, 0.09912109375], "\\": [0.04931640625, 0.10009765625, 0.00048828125, 0.10009765625, 0.00048828125, 0.14892578125, 0.04931640625, 0.14892578125], "`": [0.24853515625, 0.10009765625, 0.19970703125, 0.10009765625, 0.19970703125, 0.14892578125, 0.24853515625, 0.14892578125], "d": [0.19873046875, 0.14990234375, 0.14990234375, 0.14990234375, 0.14990234375, 0.19873046875, 0.19873046875, 0.19873046875], "h": [0.14892578125, 0.19970703125, 0.10009765625, 0.19970703125, 0.10009765625, 0.24853515625, 0.14892578125, 0.24853515625], "l": [0.09912109375, 0.00048828125, 0.05029296875, 0.00048828125, 0.05029296875, 0.04931640625, 0.09912109375, 0.04931640625], "p": [0.04931640625, 0.05029296875, 0.00048828125, 0.05029296875, 0.00048828125, 0.09912109375, 0.04931640625, 0.09912109375], "t": [0.24853515625, 0.05029296875, 0.19970703125, 0.05029296875, 0.19970703125, 0.09912109375, 0.24853515625, 0.09912109375], "x": [0.19873046875, 0.10009765625, 0.14990234375, 0.10009765625, 0.14990234375, 0.14892578125, 0.19873046875, 0.14892578125], "|": [0.14892578125, 0.14990234375, 0.10009765625, 0.14990234375, 0.10009765625, 0.19873046875, 0.14892578125, 0.19873046875], "#": [0.19873046875, 0.00048828125, 0.14990234375, 0.00048828125, 0.14990234375, 0.04931640625, 0.19873046875, 0.04931640625], "'": [0.14892578125, 0.05029296875, 0.10009765625, 0.05029296875, 0.10009765625, 0.09912109375, 0.14892578125, 0.09912109375], "+": [0.09912109375, 0.10009765625, 0.05029296875, 0.10009765625, 0.05029296875, 0.14892578125, 0.09912109375, 0.14892578125], "/": [0.04931640625, 0.14990234375, 0.00048828125, 0.14990234375, 0.00048828125, 0.19873046875, 0.04931640625, 0.19873046875], "3": [0.24853515625, 0.14990234375, 0.19970703125, 0.14990234375, 0.19970703125, 0.19873046875, 0.24853515625, 0.19873046875], "7": [0.19873046875, 0.19970703125, 0.14990234375, 0.19970703125, 0.14990234375, 0.24853515625, 0.19873046875, 0.24853515625], ";": [0.14892578125, 0.00048828125, 0.10009765625, 0.00048828125, 0.10009765625, 0.04931640625, 0.14892578125, 0.04931640625], "?": [0.09912109375, 0.05029296875, 0.05029296875, 0.05029296875, 0.05029296875, 0.09912109375, 0.09912109375, 0.09912109375], "C": [0.04931640625, 0.10009765625, 0.00048828125, 0.10009765625, 0.00048828125, 0.14892578125, 0.04931640625, 0.14892578125], "G": [0.24853515625, 0.10009765625, 0.19970703125, 0.10009765625, 0.19970703125, 0.14892578125, 0.24853515625, 0.14892578125], "K": [0.19873046875, 0.14990234375, 0.14990234375, 0.14990234375, 0.14990234375, 0.19873046875, 0.19873046875, 0.19873046875], "O": [0.14892578125, 0.19970703125, 0.10009765625, 0.19970703125, 0.10009765625, 0.24853515625, 0.14892578125, 0.24853515625], "S": [0.09912109375, 0.00048828125, 0.05029296875, 0.00048828125, 0.05029296875, 0.04931640625, 0.09912109375, 0.04931640625], "W": [0.04931640625, 0.05029296875, 0.00048828125, 0.05029296875, 0.00048828125, 0.09912109375, 0.04931640625, 0.09912109375], "[": [0.24853515625, 0.05029296875, 0.19970703125, 0.05029296875, 0.19970703125, 0.09912109375, 0.24853515625, 0.09912109375],