{"idxAdvPairs": {" ": [0, 0.2576271186440678], "$": [0, 0.5670702179176755], "(": [0, 0.29346246973365614], ",": [0, 0.2430992736077482], "0": [0, 0.5670702179176755], "4": [0, 0.5670702179176755], "8": [0, 0.5670702179176755], "<": [1, 0.5670702179176755], "@": [1, 0.8915254237288136], "D": [1, 0.723002421307506], "H": [1, 0.7317191283292978], "L": [1, 0.5147699757869248], "P": [1, 0.5970944309927361], "T": [2, 0.5486682808716707], "X": [2, 0.5723970944309927], "\\": [2, 0.36416464891041156], "`": [2, 0.5723970944309927], "d": [2, 0.6077481840193705], "h": [2, 0.6087167070217917], "l": [3, 0.25084745762711863], "p": [3, 0.6077481840193705], "t": [3, 0.35012106537530263], "x": [3, 0.5196125907990314], "|": [3, 0.5462469733656174], "#": [0, 0.6406779661016949], "'": [0, 0.21937046004842614], "+": [0, 0.5670702179176755], "/": [0, 0.36416464891041156], "3": [0, 0.5670702179176755], "7": [0, 0.5670702179176755], ";": [1, 0.2639225181598063], "?": [1, 0.4256658595641646], "C": [1, 0.6256658595641647], "G": [1, 0.7220338983050847], "K": [1, 0.6087167070217917], "O": [1, 0.7723970944309927], "S": [2, 0.5443099273607748], "W": [2, 0.9181598062953995], "[": [2, 0.32639225181598064], "_": [2, 0.44455205811138016], "c": [2, 0.47215496368038745], "g": [2, 0.5433414043583535], "k": [3, 0.5205811138014528], "o": [3, 0.5990314769975786], "s": [3, 0.4731234866828087], "w": [3, 0.7714285714285714], "{": [3, 0.3757869249394673], "\"": [0, 0.39757869249394673], "&": [0, 0.7239709443099274], "*": [0, 0.5472154963680387], ".": [0, 0.2639225181598063], "2": [0, 0.5670702179176755], "6": [0, 0.5670702179176755], ":": [1, 0.2639225181598063], ">": [1, 0.5670702179176755], "B": [1, 0.6426150121065375], "F": [1, 0.511864406779661], "J": [1, 0.2648910411622276], "N": [1, 0.7476997578692494], "R": [2, 0.6130750605326876], "V": [2, 0.5903147699757869], "Z": [2, 0.5661016949152543], "^": [2, 0.5375302663438256], "b": [2, 0.6077481840193705], "f": [2, 0.3360774818401937], "j": [2, 0.25084745762711863], "n": [3, 0.6087167070217917], "r": [3, 0.40484261501210655], "v": [3, 0.4968523002421308], "z": [3, 0.4639225181598063], "~": [3, 0.5670702179176755], "!": [0, 0.2648910411622276], "%": [0, 0.8164648910411623], ")": [0, 0.29346246973365614], "-": [0, 0.3191283292978208], "1": [0, 0.5670702179176755], "5": [0, 0.5670702179176755], "9": [1, 0.5670702179176755], "=": [1, 0.5670702179176755], "A": [1, 0.6276029055690073], "E": [1, 0.5515738498789345], "I": [1, 0.2765133171912833], "M": [1, 0.8953995157384987], "Q": [1, 0.7723970944309927], "U": [2, 0.7220338983050847], "Y": [2, 0.5554479418886199], "]": [2, 0.32639225181598064], "a": [2, 0.5515738498789345], "e": [2, 0.5564164648910411], "i": [2, 0.25084745762711863], "m": [3, 0.9225181598062955], "q": [3, 0.6077481840193705], "u": [3, 0.6087167070217917], "y": [3, 0.49975786924939464], "}": [3, 0.3757869249394673]}, "pivot": [-0.42251815980629537, -0.2598062953995158], "texCoords": {" ": [0.04931640625, 0.00048828125, 0.00048828125, 0.00048828125, 0.00048828125, 0.04931640625, 0.04931640625, 0.04931640625], "$": [0.24853515625, 0.00048828125, 0.19970703125, 0.00048828125, 0.19970703125, 0.04931640625, 0.24853515625, 0.04931640625], "(": [0.19873046875, 0.05029296875, 0.14990234375, 0.05029296875, 0.14990234375, 0.09912109375, 0.19873046875, 0.09912109375], ",": [0.14892578125, 0.10009765625, 0.10009765625, 0.10009765625, 0.10009765625, 0.14892578125, 0.14892578125, 0.14892578125], "0": [0.09912109375, 0.14990234375, 0.05029296875, 0.14990234375, 0.05029296875, 0.19873046875, 0.09912109375, 0.19873046875], "4": [0.04931640625, 0.19970703125, 0.00048828125, 0.19970703125, 0.00048828125, 0.24853515625, 0.04931640625, 0.24853515625], "8": [0.24853515625, 0.19970703125, 0.19970703125, 0.19970703125, 0.19970703125, 0.24853515625, 0.24853515625, 0.24853515625], "<": [0.19873046875, 0.00048828125, 0.14990234375, 0.00048828125, 0.14990234375, 0.04931640625, 0.19873046875, 0.04931640625], "@": [0.14892578125, 0.05029296875, 0.10009765625, 0.05029296875, 0.10009765625, 0.09912109375, 0.14892578125, 0.09912109375], "D": [0.09912109375, 0.10009765625, 0.05029296875, 0.10009765625, 0.05029296875, 0.14892578125, 0.09912109375, 0.14892578125], "H": [0.04931640625, 0.14990234375, 0.00048828125, 0.14990234375, 0.00048828125, 0.19873046875, 0.04931640625, 0.19873046875], "L": [0.24853515625, 0.14990234375, 0.19970703125, 0.14990234375, 0.19970703125, 0.19873046875, 0.24853515625, 0.19873046875], "P": [0.19873046875, 0.19970703125, 0.14990234375, 0.19970703125, 0.14990234375, 0.24853515625, 0.19873046875, 0.24853515625], "T": [0.14892578125, 0.00048828125, 0.10009765625, 0.00048828125, 0.10009765625, 0.04931640625, 0.14892578125, 0.04931640625], "X": [0.09912109375, 0.05029296875, 0.05029296875, 0.05029296875, 0.05029296875, 0.09912109375, 0.09912109375, 0.09912109375], "\\": [0.04931640625, 0.10009765625, 0.00048828125, 0.10009765625, 0.00048828125, 0.14892578125, 0.04931640625, 0.14892578125], "`": [0.24853515625, 0.10009765625, 0.19970703125, 0.10009765625, 0.19970703125, 0.14892578125, 0.24853515625, 0.14892578125], "d": [0.19873046875, 0.14990234375, 0.14990234375, 0.14990234375, 0.14990234375, 0.19873046875, 0.19873046875, 0.19873046875], "h": [0.14892578125, 0.19970703125, 0.10009765625, 0.19970703125, 0.10009765625, 0.24853515625, 0.14892578125, 0.24853515625], "l": [0.09912109375, 0.00048828125, 0.05029296875, 0.00048828125, 0.05029296875, 0.04931640625, 0.09912109375, 0.04931640625], "p": [0.04931640625, 0.05029296875, 0.00048828125, 0.05029296875, 0.00048828125, 0.09912109375, 0.04931640625, 0.09912109375], "t": [0.24853515625, 0.05029296875, 0.19970703125, 0.05029296875, 0.19970703125, 0.09912109375, 0.24853515625, 0.09912109375], "x": [0.19873046875, 0.10009765625, 0.14990234375, 0.10009765625, 0.14990234375, 0.14892578125, 0.19873046875, 0.14892578125], "|": [0.14892578125, 0.14990234375, 0.10009765625, 0.14990234375, 0.10009765625, 0.19873046875, 0.14892578125, 0.19873046875], "#": [0.19873046875, 0.00048828125, 0.14990234375, 0.00048828125, 0.14990234375, 0.04931640625, 0.19873046875, 0.04931640625], "'": [0.14892578125, 0.05029296875, 0.10009765625, 0.05029296875, 0.10009765625, 0.09912109375, 0.14892578125, 0.09912109375], "+": [0.09912109375, 0.10009765625, 0.05029296875, 0.10009765625, 0.05029296875, 0.14892578125, 0.09912109375, 0.14892578125], "/": [0.04931640625, 0.14990234375, 0.00048828125, 0.14990234375, 0.00048828125, 0.19873046875, 0.04931640625, 0.19873046875], "3": [0.24853515625, 0.14990234375, 0.19970703125, 0.14990234375, 0.19970703125, 0.19873046875, 0.24853515625, 0.19873046875], "7": [0.19873046875, 0.19970703125, 0.14990234375, 0.19970703125, 0.14990234375, 0.24853515625, 0.19873046875, 0.24853515625], ";": [0.14892578125, 0.00048828125, 0.10009765625, 0.00048828125, 0.10009765625, 0.04931640625, 0.14892578125, 0.04931640625], "?": [0.09912109375, 0.05029296875, 0.05029296875, 0.05029296875, 0.05029296875, 0.09912109375, 0.09912109375, 0.09912109375], "C": [0.04931640625, 0.10009765625, 0.00048828125, 0.10009765625, 0.00048828125, 0.14892578125, 0.04931640625, 0.14892578125], "G": [0.24853515625, 0.10009765625, 0.19970703125, 0.10009765625, 0.19970703125, 0.14892578125, 0.24853515625, 0.14892578125], "K": [0.19873046875, 0.14990234375, 0.14990234375, 0.14990234375, 0.14990234375, 0.19873046875, 0.19873046875, 0.19873046875], "O": [0.14892578125, 0.19970703125, 0.10009765625, 0.19970703125, 0.10009765625, 0.24853515625, 0.14892578125, 0.24853515625], "S": [0.09912109375, 0.00048828125, 0.05029296875, 0.00048828125, 0.05029296875, 0.04931640625, 0.09912109375, 0.04931640625], "W": [0.04931640625, 0.05029296875, 0.00048828125, 0.05029296875, 0.00048828125, 0.09912109375, 0.04931640625, 0.09912109375], "[": [0.24853515625, 0.05029296875, 0.19970703125, 0.05029296875, 0.19970703125, 0.09912109375, 0.24853515625, 0.09912109375],