{"idxAdvPairs": {" ": [0, 0.185], "$": [0, 0.5383333333333333], "(": [0, 0.2875], ",": [0, 0.2025], "0": [0, 0.5858333333333333], "4": [0, 0.5058333333333332], "8": [0, 0.5258333333333333], "<": [1, 0.4258333333333333], "@": [1, 0.76], "D": [1, 0.6383333333333333], "H": [1, 0.6541666666666666], "L": [1, 0.4691666666666666], "P": [1, 0.5666666666666667], "T": [2, 0.5725], "X": [2, 0.615], "\\": [2, 0.29583333333333334], "`": [2, 0.3], "d": [2, 0.5725], "h": [2, 0.5658333333333333], "l": [3, 0.28833333333333333], "p": [3, 0.5716666666666667], "t": [3, 0.33416666666666667], "x": [3, 0.5091666666666667], "|": [3, 0.25166666666666665], "#": [0, 0.6133333333333333], "'": [0, 0.21166666666666664], "+": [0, 0.4258333333333333], "/": [0, 0.29583333333333334], "3": [0, 0.5025], "7": [0, 0.4908333333333333], ";": [1, 0.2033333333333333], "?": [1, 0.395], "C": [1, 0.5766666666666667], "G": [1, 0.6191666666666666], "K": [1, 0.6241666666666666], "O": [1, 0.67], "S": [2, 0.5383333333333333], "W": [2, 0.9583333333333333], "[": [2, 0.29916666666666664], "_": [2, 0.4875], "c": [2, 0.46833333333333327], "g": [2, 0.54], "k": [3, 0.5275], "o": [3, 0.5316666666666666], "s": [3, 0.4308333333333333], "w": [3, 0.8166666666666665], "{": [3, 0.3025], "\"": [0, 0.37166666666666665], "&": [0, 0.5733333333333333], "*": [0, 0.3175], ".": [0, 0.20416666666666664], "2": [0, 0.5041666666666667], "6": [0, 0.525], ":": [1, 0.20416666666666664], ">": [1, 0.4258333333333333], "B": [1, 0.5966666666666667], "F": [1, 0.46583333333333327], "J": [1, 0.44916666666666666], "N": [1, 0.6366666666666666], "R": [2, 0.6033333333333333], "V": [2, 0.61], "Z": [2, 0.5633333333333332], "^": [2, 0.48166666666666663], "b": [2, 0.5716666666666667], "f": [2, 0.29583333333333334], "j": [2, 0.26], "n": [3, 0.5616666666666666], "r": [3, 0.3583333333333333], "v": [3, 0.47916666666666663], "z": [3, 0.4625], "~": [3, 0.4258333333333333], "!": [0, 0.215], "%": [0, 0.8283333333333333], ")": [0, 0.2875], "-": [0, 0.3125], "1": [0, 0.33666666666666667], "5": [0, 0.5208333333333333], "9": [1, 0.5241666666666667], "=": [1, 0.4258333333333333], "A": [1, 0.6275], "E": [1, 0.5341666666666667], "I": [1, 0.4225], "M": [1, 0.9791666666666665], "Q": [1, 0.67], "U": [2, 0.6366666666666666], "Y": [2, 0.6191666666666666], "]": [2, 0.29916666666666664], "a": [2, 0.5675], "e": [2, 0.49666666666666665], "i": [2, 0.2608333333333333], "m": [3, 0.8641666666666665], "q": [3, 0.5725], "u": [3, 0.5533333333333332], "y": [3, 0.5558333333333333], "}": [3, 0.3025]}, "pivot": [-0.4325, -0.33], "texCoords": {" ": [0.04931640625, 0.00048828125, 0.00048828125, 0.00048828125, 0.00048828125, 0.04931640625, 0.04931640625, 0.04931640625], "$": [0.24853515625, 0.00048828125, 0.19970703125, 0.00048828125, 0.19970703125, 0.04931640625, 0.24853515625, 0.04931640625], "(": [0.19873046875, 0.05029296875, 0.14990234375, 0.05029296875, 0.14990234375, 0.09912109375, 0.19873046875, 0.09912109375], ",": [0.14892578125, 0.10009765625, 0.10009765625, 0.10009765625, 0.10009765625, 0.14892578125, 0.14892578125, 0.14892578125], "0": [0.09912109375, 0.14990234375, 0.05029296875, 0.14990234375, 0.05029296875, 0.19873046875, 0.09912109375, 0.19873046875], "4": [0.04931640625, 0.19970703125, 0.00048828125, 0.19970703125, 0.00048828125, 0.24853515625, 0.04931640625, 0.24853515625], "8": [0.24853515625, 0.19970703125, 0.19970703125, 0.19970703125, 0.19970703125, 0.24853515625, 0.24853515625, 0.24853515625], "<": [0.19873046875, 0.00048828125, 0.14990234375, 0.00048828125, 0.14990234375, 0.04931640625, 0.19873046875, 0.04931640625], "@": [0.14892578125, 0.05029296875, 0.10009765625, 0.05029296875, 0.10009765625, 0.09912109375, 0.14892578125, 0.09912109375], "D": [0.09912109375, 0.10009765625, 0.05029296875, 0.10009765625, 0.05029296875, 0.14892578125, 0.09912109375, 0.14892578125], "H": [0.04931640625, 0.14990234375, 0.00048828125, 0.14990234375, 0.00048828125, 0.19873046875, 0.04931640625, 0.19873046875], "L": [0.24853515625, 0.14990234375, 0.19970703125, 0.14990234375, 0.19970703125, 0.19873046875, 0.24853515625, 0.19873046875], "P": [0.19873046875, 0.19970703125, 0.14990234375, 0.19970703125, 0.14990234375, 0.24853515625, 0.19873046875, 0.24853515625], "T": [0.14892578125, 0.00048828125, 0.10009765625, 0.00048828125, 0.10009765625, 0.04931640625, 0.14892578125, 0.04931640625], "X": [0.09912109375, 0.05029296875, 0.05029296875, 0.05029296875, 0.05029296875, 0.09912109375, 0.09912109375, 0.09912109375], "\\": [0.04931640625, 0.10009765625, 0.00048828125, 0.10009765625, 0.00048828125, 0.14892578125, 0.04931640625, 0.14892578125], "`": [0.24853515625, 0.10009765625, 0.19970703125, 0.10009765625, 0.19970703125, 0.14892578125, 0.24853515625, 0.14892578125], "d": [0.19873046875, 0.14990234375, 0.14990234375, 0.14990234375, 0.14990234375, 0.19873046875, 0.19873046875, 0.19873046875], "h": [0.14892578125, 0.19970703125, 0.10009765625, 0.19970703125, 0.10009765625, 0.24853515625, 0.14892578125, 0.24853515625], "l": [0.09912109375, 0.00048828125, 0.05029296875, 0.00048828125, 0.05029296875, 0.04931640625, 0.09912109375, 0.04931640625], "p": [0.04931640625, 0.05029296875, 0.00048828125, 0.05029296875, 0.00048828125, 0.09912109375, 0.04931640625, 0.09912109375], "t": [0.24853515625, 0.05029296875, 0.19970703125, 0.05029296875, 0.19970703125, 0.09912109375, 0.24853515625, 0.09912109375], "x": [0.19873046875, 0.10009765625, 0.14990234375, 0.10009765625, 0.14990234375, 0.14892578125, 0.19873046875, 0.14892578125], "|": [0.14892578125, 0.14990234375, 0.10009765625, 0.14990234375, 0.10009765625, 0.19873046875, 0.14892578125, 0.19873046875], "#": [0.19873046875, 0.00048828125, 0.14990234375, 0.00048828125, 0.14990234375, 0.04931640625, 0.19873046875, 0.04931640625], "'": [0.14892578125, 0.05029296875, 0.10009765625, 0.05029296875, 0.10009765625, 0.09912109375, 0.14892578125, 0.09912109375], "+": [0.09912109375, 0.10009765625, 0.05029296875, 0.10009765625, 0.05029296875, 0.14892578125, 0.09912109375, 0.14892578125], "/": [0.04931640625, 0.14990234375, 0.00048828125, 0.14990234375, 0.00048828125, 0.19873046875, 0.04931640625, 0.19873046875], "3": [0.24853515625, 0.14990234375, 0.19970703125, 0.14990234375, 0.19970703125, 0.19873046875, 0.24853515625, 0.19873046875], "7": [0.19873046875, 0.19970703125, 0.14990234375, 0.19970703125, 0.14990234375, 0.24853515625, 0.19873046875, 0.24853515625], ";": [0.14892578125, 0.00048828125, 0.10009765625, 0.00048828125, 0.10009765625, 0.04931640625, 0.14892578125, 0.04931640625], "?": [0.09912109375, 0.05029296875, 0.05029296875, 0.05029296875, 0.05029296875, 0.09912109375, 0.09912109375, 0.09912109375], "C": [0.04931640625, 0.10009765625, 0.00048828125, 0.10009765625, 0.00048828125, 0.14892578125, 0.04931640625, 0.14892578125], "G": [0.24853515625, 0.10009765625, 0.19970703125, 0.10009765625, 0.19970703125, 0.14892578125, 0.24853515625, 0.14892578125], "K": [0.19873046875, 0.14990234375, 0.14990234375, 0.14990234375, 0.14990234375, 0.19873046875, 0.19873046875, 0.19873046875], "O": [0.14892578125, 0.19970703125, 0.10009765625, 0.19970703125, 0.10009765625, 0.24853515625, 0.14892578125, 0.24853515625], "S": [0.09912109375, 0.00048828125, 0.05029296875, 0.00048828125, 0.05029296875, 0.04931640625, 0.09912109375, 0.04931640625], "W": [0.04931640625, 0.05029296875, 0.00048828125, 0.05029296875, 0.00048828125, 0.09912109375, 0.04931640625, 0.09912109375], "[": [0.24853515625, 0.05029296875, 0.19970703125, 0.05029296875, 0.19970703125, 0.09912109375, 0.24853515625, 0.09912109375], "_": [0.19873046875, 0.10009765625, 0.14990234375, 0.10009765625, 0.14990234375, 0.14892578125, 0.19873046875, 0.14892578125], "c": [0.14892578125, 0.14990234375, 0.10009765625, 0.14990234375, 0.10009765625, 0.19873046875, 0.14892578125, 0.19873046875], "g": [0.09912109375, 0.19970703125, 0.05029296875, 0.19970703125, 0.05029296875, 0.24853515625, 0.09912109375, 0.24853515625],