{"idxAdvPairs": {" ": [0, 0.21393034825870647], "$": [0, 0.49751243781094523], "(": [0, 0.2603648424543947], ",": [0, 0.18988391376451078], "0": [0, 0.49751243781094523], "4": [0, 0.49751243781094523], "8": [0, 0.49751243781094523], "<": [1, 0.49751243781094523], "@": [1, 0.7678275290215589], "D": [1, 0.6127694859038142], "H": [1, 0.6285240464344942], "L": [1, 0.44776119402985076], "P": [1, 0.5348258706467661], "T": [2, 0.4958540630182421], "X": [2, 0.5356550580431177], "\\": [2, 0.23383084577114427], "`": [2, 0.24875621890547261], "d": [2, 0.4825870646766169], "h": [2, 0.4709784411276949], "l": [3, 0.1923714759535655], "p": [3, 0.4825870646766169], "t": [3, 0.28192371475953565], "x": [3, 0.4295190713101161], "|": [3, 0.2164179104477612], "#": [0, 0.49751243781094523], "'": [0, 0.18325041459369817], "+": [0, 0.49751243781094523], "/": [0, 0.23466003316749584], "3": [0, 0.49751243781094523], "7": [0, 0.49751243781094523], ";": [1, 0.18988391376451078], "?": [1, 0.36733001658374786], "C": [1, 0.5613598673300166], "G": [1, 0.6003316749585406], "K": [1, 0.5207296849087893], "O": [1, 0.6334991708126037], "S": [2, 0.511608623548922], "W": [2, 0.9129353233830845], "[": [2, 0.2603648424543947], "_": [2, 0.4145936981757877], "c": [2, 0.39718076285240467], "g": [2, 0.4859038142620232], "k": [3, 0.4145936981757877], "o": [3, 0.4601990049751244], "s": [3, 0.3980099502487562], "w": [3, 0.6981757877280265], "{": [3, 0.291044776119403], "\"": [0, 0.34908789386401323], "&": [0, 0.5505804311774462], "*": [0, 0.373134328358209], ".": [0, 0.18988391376451078], "2": [0, 0.49751243781094523], "6": [0, 0.4966832504145937], ":": [1, 0.18988391376451078], ">": [1, 0.49751243781094523], "B": [1, 0.5588723051409619], "F": [1, 0.46185737976782754], "J": [1, 0.2703150912106136], "N": [1, 0.6127694859038142], "R": [2, 0.5688225538971807], "V": [2, 0.5729684908789386], "Z": [2, 0.4892205638474295], "^": [2, 0.49751243781094523], "b": [2, 0.4825870646766169], "f": [2, 0.27197346600331673], "j": [2, 0.1923714759535655], "n": [3, 0.4709784411276949], "r": [3, 0.29270315091210614], "v": [3, 0.4262023217247098], "z": [3, 0.41708126036484244], "~": [3, 0.49751243781094523], "!": [0, 0.18988391376451078], "%": [0, 0.7711442786069651], ")": [0, 0.2603648424543947], "-": [0, 0.3524046434494196], "1": [0, 0.49751243781094523], "5": [0, 0.49751243781094523], "9": [1, 0.49751243781094523], "=": [1, 0.49751243781094523], "A": [1, 0.6028192371475953], "E": [1, 0.4825870646766169], "I": [1, 0.21227197346600332], "M": [1, 0.6973466003316751], "Q": [1, 0.6334991708126037], "U": [2, 0.6003316749585406], "Y": [2, 0.49834162520729686], "]": [2, 0.2603648424543947], "a": [2, 0.43946932006633493], "e": [2, 0.4369817578772803], "i": [2, 0.1923714759535655], "m": [3, 0.7064676616915423], "q": [3, 0.4825870646766169], "u": [3, 0.46517412935323377], "y": [3, 0.4262023217247098], "}": [3, 0.291044776119403]}, "pivot": [-0.40132669983416247, -0.34328358208955223], "texCoords": {" ": [0.04931640625, 0.00048828125, 0.00048828125, 0.00048828125, 0.00048828125, 0.04931640625, 0.04931640625, 0.04931640625], "$": [0.24853515625, 0.00048828125, 0.19970703125, 0.00048828125, 0.19970703125, 0.04931640625, 0.24853515625, 0.04931640625], "(": [0.19873046875, 0.05029296875, 0.14990234375, 0.05029296875, 0.14990234375, 0.09912109375, 0.19873046875, 0.09912109375], ",": [0.14892578125, 0.10009765625, 0.10009765625, 0.10009765625, 0.10009765625, 0.14892578125, 0.14892578125, 0.14892578125], "0": [0.09912109375, 0.14990234375, 0.05029296875, 0.14990234375, 0.05029296875, 0.19873046875, 0.09912109375, 0.19873046875], "4": [0.04931640625, 0.19970703125, 0.00048828125, 0.19970703125, 0.00048828125, 0.24853515625, 0.04931640625, 0.24853515625], "8": [0.24853515625, 0.19970703125, 0.19970703125, 0.19970703125, 0.19970703125, 0.24853515625, 0.24853515625, 0.24853515625], "<": [0.19873046875, 0.00048828125, 0.14990234375, 0.00048828125, 0.14990234375, 0.04931640625, 0.19873046875, 0.04931640625], "@": [0.14892578125, 0.05029296875, 0.10009765625, 0.05029296875, 0.10009765625, 0.09912109375, 0.14892578125, 0.09912109375], "D": [0.09912109375, 0.10009765625, 0.05029296875, 0.10009765625, 0.05029296875, 0.14892578125, 0.09912109375, 0.14892578125], "H": [0.04931640625, 0.14990234375, 0.00048828125, 0.14990234375, 0.00048828125, 0.19873046875, 0.04931640625, 0.19873046875], "L": [0.24853515625, 0.14990234375, 0.19970703125, 0.14990234375, 0.19970703125, 0.19873046875, 0.24853515625, 0.19873046875], "P": [0.19873046875, 0.19970703125, 0.14990234375, 0.19970703125, 0.14990234375, 0.24853515625, 0.19873046875, 0.24853515625], "T": [0.14892578125, 0.00048828125, 0.10009765625, 0.00048828125, 0.10009765625, 0.04931640625, 0.14892578125, 0.04931640625], "X": [0.09912109375, 0.05029296875, 0.05029296875, 0.05029296875, 0.05029296875, 0.09912109375, 0.09912109375, 0.09912109375], "\\": [0.04931640625, 0.10009765625, 0.00048828125, 0.10009765625, 0.00048828125, 0.14892578125, 0.04931640625, 0.14892578125], "`": [0.24853515625, 0.10009765625, 0.19970703125, 0.10009765625, 0.19970703125, 0.14892578125, 0.24853515625, 0.14892578125], "d": [0.19873046875, 0.14990234375, 0.14990234375, 0.14990234375, 0.14990234375, 0.19873046875, 0.19873046875, 0.19873046875], "h": [0.14892578125, 0.19970703125, 0.10009765625, 0.19970703125, 0.10009765625, 0.24853515625, 0.14892578125, 0.24853515625], "l": [0.09912109375, 0.00048828125, 0.05029296875, 0.00048828125, 0.05029296875, 0.04931640625, 0.09912109375, 0.04931640625], "p": [0.04931640625, 0.05029296875, 0.00048828125, 0.05029296875, 0.00048828125, 0.09912109375, 0.04931640625, 0.09912109375], "t": [0.24853515625, 0.05029296875, 0.19970703125, 0.05029296875, 0.19970703125, 0.09912109375, 0.24853515625, 0.09912109375], "x": [0.19873046875, 0.10009765625, 0.14990234375, 0.10009765625, 0.14990234375, 0.14892578125, 0.19873046875, 0.14892578125], "|": [0.14892578125, 0.14990234375, 0.10009765625, 0.14990234375, 0.10009765625, 0.19873046875, 0.14892578125, 0.19873046875], "#": [0.19873046875, 0.00048828125, 0.14990234375, 0.00048828125, 0.14990234375, 0.04931640625, 0.19873046875, 0.04931640625], "'": [0.14892578125, 0.05029296875, 0.10009765625, 0.05029296875, 0.10009765625, 0.09912109375, 0.14892578125, 0.09912109375], "+": [0.09912109375, 0.10009765625, 0.05029296875, 0.10009765625, 0.05029296875, 0.14892578125, 0.09912109375, 0.14892578125], "/": [0.04931640625, 0.14990234375, 0.00048828125, 0.14990234375, 0.00048828125, 0.19873046875, 0.04931640625, 0.19873046875], "3": [0.24853515625, 0.14990234375, 0.19970703125, 0.14990234375, 0.19970703125, 0.19873046875, 0.24853515625, 0.19873046875], "7": [0.19873046875, 0.19970703125, 0.14990234375, 0.19970703125, 0.14990234375, 0.24853515625, 0.19873046875, 0.24853515625], ";": [0.14892578125, 0.00048828125, 0.10009765625, 0.00048828125, 0.10009765625, 0.04931640625, 0.14892578125, 0.04931640625], "?": [0.09912109375, 0.05029296875, 0.05029296875, 0.05029296875, 0.05029296875, 0.09912109375, 0.09912109375, 0.09912109375], "C": [0.04931640625, 0.10009765625, 0.00048828125, 0.10009765625, 0.00048828125, 0.14892578125, 0.04931640625, 0.14892578125], "G": [0.24853515625, 0.10009765625, 0.19970703125, 0.10009765625, 0.19970703125, 0.14892578125, 0.24853515625, 0.14892578125], "K": [0.19873046875, 0.14990234375, 0.14990234375, 0.14990234375, 0.14990234375, 0.19873046875, 0.19873046875, 0.19873046875], "O": [0.14892578125, 0.19970703125, 0.10009765625, 0.19970703125, 0.10009765625, 0.24853515625, 0.14892578125, 0.24853515625], "S": [0.09912109375, 0.00048828125, 0.05029296875, 0.00048828125, 0.05029296875, 0.04931640625, 0.09912109375, 0.04931640625], "W": [0.04931640625, 0.05029296875, 0.00048828125, 0.05029296875, 0.00048828125, 0.09912109375, 0.04931640625, 0.09912109375], "[": [0.24853515625, 0.05029296875, 0.19970703125, 0.05029296875, 0.19970703125, 0.09912109375, 0.24853515625, 0.09912109375],