{"idxAdvPairs": {" ": [0, 0.23169218038891184], "$": [0, 0.5643359536615639], "(": [0, 0.3069921390153082], ",": [0, 0.23582954075299956], "0": [0, 0.605709557302441], "4": [0, 0.6396359122879602], "8": [0, 0.605709557302441], "<": [1, 0.44393876706661145], "@": [1, 0.8688456764584194], "D": [1, 0.732312784443525], "H": [1, 0.7298303682250723], "L": [1, 0.5366156392221763], "P": [1, 0.621845262722383], "T": [2, 0.5684733140256516], "X": [2, 0.6338436077782375], "\\": [2, 0.3003723624327679], "`": [2, 0.46421183285064127], "d": [2, 0.5593711212246586], "h": [2, 0.5548200248241622], "l": [3, 0.2672734795200662], "p": [3, 0.5548200248241622], "t": [3, 0.3884981381878362], "x": [3, 0.5047579644187008], "|": [3, 0.36574265618535373], "#": [0, 0.5800579230450972], "'": [0, 0.16756309474555234], "+": [0, 0.5792304509722797], "/": [0, 0.3003723624327679], "3": [0, 0.605709557302441], "7": [0, 0.605709557302441], ";": [1, 0.23582954075299956], "?": [1, 0.43276789408357463], "C": [1, 0.6681836988001655], "G": [1, 0.7261067438973935], "K": [1, 0.6541166735622671], "O": [1, 0.7654116673562267], "S": [2, 0.630947455523376], "W": [2, 0.9975175837815473], "[": [2, 0.32602399669011173], "_": [2, 0.47993380223417453], "c": [2, 0.4820024824162184], "g": [2, 0.5544062887877533], "k": [3, 0.5117914770376499], "o": [3, 0.5688870500620604], "s": [3, 0.48820852296234996], "w": [3, 0.7989242863053372], "{": [3, 0.34257343814646257], "\"": [0, 0.32892014894497307], "&": [0, 0.6574265618535374], "*": [0, 0.4948282995448903], ".": [0, 0.23582954075299956], "2": [0, 0.605709557302441], "6": [0, 0.605709557302441], ":": [1, 0.23582954075299956], ">": [1, 0.44393876706661145], "B": [1, 0.6570128258171286], "F": [1, 0.5841952834091849], "J": [1, 0.4621431526685974], "N": [1, 0.7542407943731898], "R": [2, 0.6623913942904426], "V": [2, 0.6474968969797268], "Z": [2, 0.6297062474141497], "^": [2, 0.6119155978485725], "b": [2, 0.5573024410426148], "f": [2, 0.40711625982623084], "j": [2, 0.25072403806371535], "n": [3, 0.5486139842780307], "r": [3, 0.39180802647910634], "v": [3, 0.47869259412494825], "z": [3, 0.5138601572196938], "~": [3, 0.5792304509722797], "!": [0, 0.26892842366570124], "%": [0, 0.6177079023582954], ")": [0, 0.3069921390153082], "-": [0, 0.5006206040546131], "1": [0, 0.605709557302441], "5": [0, 0.605709557302441], "9": [1, 0.605709557302441], "=": [1, 0.5792304509722797], "A": [1, 0.640049648324369], "E": [1, 0.5986760446834919], "I": [1, 0.33595366156392215], "M": [1, 0.8473314025651634], "Q": [1, 0.773686388084402], "U": [2, 0.7186594952420355], "Y": [2, 0.5904013239553164], "]": [2, 0.321886636326024], "a": [2, 0.5101365328920149], "e": [2, 0.5237898220935043], "i": [2, 0.25072403806371535], "m": [3, 0.8191973520893668], "q": [3, 0.5502689284236656], "u": [3, 0.5548200248241622], "y": [3, 0.506412908564336], "}": [3, 0.34257343814646257]}, "pivot": [-0.4846917666528755, -0.27492759619362844], "texCoords": {" ": [0.04931640625, 0.00048828125, 0.00048828125, 0.00048828125, 0.00048828125, 0.04931640625, 0.04931640625, 0.04931640625], "$": [0.24853515625, 0.00048828125, 0.19970703125, 0.00048828125, 0.19970703125, 0.04931640625, 0.24853515625, 0.04931640625], "(": [0.19873046875, 0.05029296875, 0.14990234375, 0.05029296875, 0.14990234375, 0.09912109375, 0.19873046875, 0.09912109375], ",": [0.14892578125, 0.10009765625, 0.10009765625, 0.10009765625, 0.10009765625, 0.14892578125, 0.14892578125, 0.14892578125], "0": [0.09912109375, 0.14990234375, 0.05029296875, 0.14990234375, 0.05029296875, 0.19873046875, 0.09912109375, 0.19873046875], "4": [0.04931640625, 0.19970703125, 0.00048828125, 0.19970703125, 0.00048828125, 0.24853515625, 0.04931640625, 0.24853515625], "8": [0.24853515625, 0.19970703125, 0.19970703125, 0.19970703125, 0.19970703125, 0.24853515625, 0.24853515625, 0.24853515625], "<": [0.19873046875, 0.00048828125, 0.14990234375, 0.00048828125, 0.14990234375, 0.04931640625, 0.19873046875, 0.04931640625], "@": [0.14892578125, 0.05029296875, 0.10009765625, 0.05029296875, 0.10009765625, 0.09912109375, 0.14892578125, 0.09912109375], "D": [0.09912109375, 0.10009765625, 0.05029296875, 0.10009765625, 0.05029296875, 0.14892578125, 0.09912109375, 0.14892578125], "H": [0.04931640625, 0.14990234375, 0.00048828125, 0.14990234375, 0.00048828125, 0.19873046875, 0.04931640625, 0.19873046875], "L": [0.24853515625, 0.14990234375, 0.19970703125, 0.14990234375, 0.19970703125, 0.19873046875, 0.24853515625, 0.19873046875], "P": [0.19873046875, 0.19970703125, 0.14990234375, 0.19970703125, 0.14990234375, 0.24853515625, 0.19873046875, 0.24853515625], "T": [0.14892578125, 0.00048828125, 0.10009765625, 0.00048828125, 0.10009765625, 0.04931640625, 0.14892578125, 0.04931640625], "X": [0.09912109375, 0.05029296875, 0.05029296875, 0.05029296875, 0.05029296875, 0.09912109375, 0.09912109375, 0.09912109375], "\\": [0.04931640625, 0.10009765625, 0.00048828125, 0.10009765625, 0.00048828125, 0.14892578125, 0.04931640625, 0.14892578125], "`": [0.24853515625, 0.10009765625, 0.19970703125, 0.10009765625, 0.19970703125, 0.14892578125, 0.24853515625, 0.14892578125], "d": [0.19873046875, 0.14990234375, 0.14990234375, 0.14990234375, 0.14990234375, 0.19873046875, 0.19873046875, 0.19873046875], "h": [0.14892578125, 0.19970703125, 0.10009765625, 0.19970703125, 0.10009765625, 0.24853515625, 0.14892578125, 0.24853515625], "l": [0.09912109375, 0.00048828125, 0.05029296875, 0.00048828125, 0.05029296875, 0.04931640625, 0.09912109375, 0.04931640625], "p": [0.04931640625, 0.05029296875, 0.00048828125, 0.05029296875, 0.00048828125, 0.09912109375, 0.04931640625, 0.09912109375], "t": [0.24853515625, 0.05029296875, 0.19970703125, 0.05029296875, 0.19970703125, 0.09912109375, 0.24853515625, 0.09912109375], "x": [0.19873046875, 0.10009765625, 0.14990234375, 0.10009765625, 0.14990234375, 0.14892578125, 0.19873046875, 0.14892578125], "|": [0.14892578125, 0.14990234375, 0.10009765625, 0.14990234375, 0.10009765625, 0.19873046875, 0.14892578125, 0.19873046875], "#": [0.19873046875, 0.00048828125, 0.14990234375, 0.00048828125, 0.14990234375, 0.04931640625, 0.19873046875, 0.04931640625], "'": [0.14892578125, 0.05029296875, 0.10009765625, 0.05029296875, 0.10009765625, 0.09912109375, 0.14892578125, 0.09912109375], "+": [0.09912109375, 0.10009765625, 0.05029296875, 0.10009765625, 0.05029296875, 0.14892578125, 0.09912109375, 0.14892578125], "/": [0.04931640625, 0.14990234375, 0.00048828125, 0.14990234375, 0.00048828125, 0.19873046875, 0.04931640625, 0.19873046875], "3": [0.24853515625, 0.14990234375, 0.19970703125, 0.14990234375, 0.19970703125, 0.19873046875, 0.24853515625, 0.19873046875], "7": [0.19873046875, 0.19970703125, 0.14990234375, 0.19970703125, 0.14990234375, 0.24853515625, 0.19873046875, 0.24853515625], ";": [0.14892578125, 0.00048828125, 0.10009765625, 0.00048828125, 0.10009765625, 0.04931640625, 0.14892578125, 0.04931640625], "?": [0.09912109375, 0.05029296875, 0.05029296875, 0.05029296875, 0.05029296875, 0.09912109375, 0.09912109375, 0.09912109375], "C": [0.04931640625, 0.10009765625, 0.00048828125, 0.10009765625, 0.00048828125, 0.14892578125, 0.04931640625, 0.14892578125], "G": [0.24853515625, 0.10009765625, 0.19970703125, 0.10009765625, 0.19970703125, 0.14892578125, 0.24853515625, 0.14892578125], "K": [0.19873046875, 0.14990234375, 0.14990234375, 0.14990234375, 0.14990234375, 0.19873046875, 0.19873046875, 0.19873046875], "O": [0.14892578125, 0.19970703125, 0.10009765625, 0.19970703125, 0.10009765625, 0.24853515625, 0.14892578125, 0.24853515625], "S": [0.09912109375, 0.00048828125, 0.05029296875, 0.00048828125, 0.05029296875, 0.04931640625, 0.09912109375, 0.04931640625], "W": [0.04931640625, 0.05029296875, 0.00048828125, 0.05029296875, 0.00048828125, 0.09912109375, 0.04931640625, 0.09912109375], "[": [0.24853515625, 0.05029296875, 0.19970703125, 0.05029296875, 0.19970703125, 0.09912109375, 0.24853515625, 0.09912109375],