{"idxAdvPairs": {" ": [0, 0.1809954751131222], "$": [0, 0.4408532643826762], "(": [0, 0.23981900452488691], ",": [0, 0.18422753716871365], "0": [0, 0.47317388493859086], "4": [0, 0.4996767937944409], "8": [0, 0.47317388493859086], "<": [1, 0.3468002585649645], "@": [1, 0.6787330316742082], "D": [1, 0.5720749838396898], "H": [1, 0.5701357466063349], "L": [1, 0.4191984486102134], "P": [1, 0.4857789269553976], "T": [2, 0.44408532643826765], "X": [2, 0.4951519069166128], "\\": [2, 0.23464770523594056], "`": [2, 0.3626373626373627], "d": [2, 0.43244990303813835], "h": [2, 0.4292178409825469], "l": [3, 0.2087912087912088], "p": [3, 0.42889463477698775], "t": [3, 0.29864253393665163], "x": [3, 0.3894634776987719], "|": [3, 0.28571428571428575], "#": [0, 0.4531351001939237], "'": [0, 0.13089851325145443], "+": [0, 0.45248868778280543], "/": [0, 0.23464770523594056], "3": [0, 0.47317388493859086], "7": [0, 0.47317388493859086], ";": [1, 0.18422753716871365], "?": [1, 0.3380736910148675], "C": [1, 0.521978021978022], "G": [1, 0.5672268907563026], "K": [1, 0.5109890109890111], "O": [1, 0.5979314802844216], "S": [2, 0.4928894634776988], "W": [2, 0.7792501616031029], "[": [2, 0.25468648998060767], "_": [2, 0.3749191984486102], "c": [2, 0.3707175177763413], "g": [2, 0.4285714285714286], "k": [3, 0.3959276018099548], "o": [3, 0.43923723335488046], "s": [3, 0.3778280542986425], "w": [3, 0.6111829347123465], "{": [3, 0.2676147382029735], "\"": [0, 0.2569489334195217], "&": [0, 0.5135746606334842], "*": [0, 0.38655462184873957], ".": [0, 0.18422753716871365], "2": [0, 0.47317388493859086], "6": [0, 0.47317388493859086], ":": [1, 0.18422753716871365], ">": [1, 0.3468002585649645], "B": [1, 0.5132514544279251], "F": [1, 0.4563671622495152], "J": [1, 0.36102133160956695], "N": [1, 0.5892049127343245], "R": [2, 0.517453135100194], "V": [2, 0.5058177117000647], "Z": [2, 0.49191984486102136], "^": [2, 0.4780219780219781], "b": [2, 0.4308338720103426], "f": [2, 0.3102779573367809], "j": [2, 0.19424692954104722], "n": [3, 0.42469295410471886], "r": [3, 0.30155138978668394], "v": [3, 0.3697478991596639], "z": [3, 0.39366515837104077], "~": [3, 0.45248868778280543], "!": [0, 0.2100840336134454], "%": [0, 0.48254686489980614], ")": [0, 0.23981900452488691], "-": [0, 0.3910795087265676], "1": [0, 0.47317388493859086], "5": [0, 0.47317388493859086], "9": [1, 0.47317388493859086], "=": [1, 0.45248868778280543], "A": [1, 0.5000000000000001], "E": [1, 0.4676793794440854], "I": [1, 0.26244343891402716], "M": [1, 0.6619263089851326], "Q": [1, 0.6043956043956045], "U": [2, 0.561409179056238], "Y": [2, 0.4612152553329025], "]": [2, 0.2514544279250162], "a": [2, 0.39495798319327735], "e": [2, 0.400775694893342], "i": [2, 0.19586296056884295], "m": [3, 0.6328377504848094], "q": [3, 0.42533936651583715], "u": [3, 0.4292178409825469], "y": [3, 0.3923723335488042], "}": [3, 0.2676147382029735]}, "pivot": [-0.40077569489334197, -0.32417582417582425], "texCoords": {" ": [0.04931640625, 0.00048828125, 0.00048828125, 0.00048828125, 0.00048828125, 0.04931640625, 0.04931640625, 0.04931640625], "$": [0.24853515625, 0.00048828125, 0.19970703125, 0.00048828125, 0.19970703125, 0.04931640625, 0.24853515625, 0.04931640625], "(": [0.19873046875, 0.05029296875, 0.14990234375, 0.05029296875, 0.14990234375, 0.09912109375, 0.19873046875, 0.09912109375], ",": [0.14892578125, 0.10009765625, 0.10009765625, 0.10009765625, 0.10009765625, 0.14892578125, 0.14892578125, 0.14892578125], "0": [0.09912109375, 0.14990234375, 0.05029296875, 0.14990234375, 0.05029296875, 0.19873046875, 0.09912109375, 0.19873046875], "4": [0.04931640625, 0.19970703125, 0.00048828125, 0.19970703125, 0.00048828125, 0.24853515625, 0.04931640625, 0.24853515625], "8": [0.24853515625, 0.19970703125, 0.19970703125, 0.19970703125, 0.19970703125, 0.24853515625, 0.24853515625, 0.24853515625], "<": [0.19873046875, 0.00048828125, 0.14990234375, 0.00048828125, 0.14990234375, 0.04931640625, 0.19873046875, 0.04931640625], "@": [0.14892578125, 0.05029296875, 0.10009765625, 0.05029296875, 0.10009765625, 0.09912109375, 0.14892578125, 0.09912109375], "D": [0.09912109375, 0.10009765625, 0.05029296875, 0.10009765625, 0.05029296875, 0.14892578125, 0.09912109375, 0.14892578125], "H": [0.04931640625, 0.14990234375, 0.00048828125, 0.14990234375, 0.00048828125, 0.19873046875, 0.04931640625, 0.19873046875], "L": [0.24853515625, 0.14990234375, 0.19970703125, 0.14990234375, 0.19970703125, 0.19873046875, 0.24853515625, 0.19873046875], "P": [0.19873046875, 0.19970703125, 0.14990234375, 0.19970703125, 0.14990234375, 0.24853515625, 0.19873046875, 0.24853515625], "T": [0.14892578125, 0.00048828125, 0.10009765625, 0.00048828125, 0.10009765625, 0.04931640625, 0.14892578125, 0.04931640625], "X": [0.09912109375, 0.05029296875, 0.05029296875, 0.05029296875, 0.05029296875, 0.09912109375, 0.09912109375, 0.09912109375], "\\": [0.04931640625, 0.10009765625, 0.00048828125, 0.10009765625, 0.00048828125, 0.14892578125, 0.04931640625, 0.14892578125], "`": [0.24853515625, 0.10009765625, 0.19970703125, 0.10009765625, 0.19970703125, 0.14892578125, 0.24853515625, 0.14892578125], "d": [0.19873046875, 0.14990234375, 0.14990234375, 0.14990234375, 0.14990234375, 0.19873046875, 0.19873046875, 0.19873046875], "h": [0.14892578125, 0.19970703125, 0.10009765625, 0.19970703125, 0.10009765625, 0.24853515625, 0.14892578125, 0.24853515625], "l": [0.09912109375, 0.00048828125, 0.05029296875, 0.00048828125, 0.05029296875, 0.04931640625, 0.09912109375, 0.04931640625], "p": [0.04931640625, 0.05029296875, 0.00048828125, 0.05029296875, 0.00048828125, 0.09912109375, 0.04931640625, 0.09912109375], "t": [0.24853515625, 0.05029296875, 0.19970703125, 0.05029296875, 0.19970703125, 0.09912109375, 0.24853515625, 0.09912109375], "x": [0.19873046875, 0.10009765625, 0.14990234375, 0.10009765625, 0.14990234375, 0.14892578125, 0.19873046875, 0.14892578125], "|": [0.14892578125, 0.14990234375, 0.10009765625, 0.14990234375, 0.10009765625, 0.19873046875, 0.14892578125, 0.19873046875], "#": [0.19873046875, 0.00048828125, 0.14990234375, 0.00048828125, 0.14990234375, 0.04931640625, 0.19873046875, 0.04931640625], "'": [0.14892578125, 0.05029296875, 0.10009765625, 0.05029296875, 0.10009765625, 0.09912109375, 0.14892578125, 0.09912109375], "+": [0.09912109375, 0.10009765625, 0.05029296875, 0.10009765625, 0.05029296875, 0.14892578125, 0.09912109375, 0.14892578125], "/": [0.04931640625, 0.14990234375, 0.00048828125, 0.14990234375, 0.00048828125, 0.19873046875, 0.04931640625, 0.19873046875], "3": [0.24853515625, 0.14990234375, 0.19970703125, 0.14990234375, 0.19970703125, 0.19873046875, 0.24853515625, 0.19873046875], "7": [0.19873046875, 0.19970703125, 0.14990234375, 0.19970703125, 0.14990234375, 0.24853515625, 0.19873046875, 0.24853515625], ";": [0.14892578125, 0.00048828125, 0.10009765625, 0.00048828125, 0.10009765625, 0.04931640625, 0.14892578125, 0.04931640625], "?": [0.09912109375, 0.05029296875, 0.05029296875, 0.05029296875, 0.05029296875, 0.09912109375, 0.09912109375, 0.09912109375], "C": [0.04931640625, 0.10009765625, 0.00048828125, 0.10009765625, 0.00048828125, 0.14892578125, 0.04931640625, 0.14892578125], "G": [0.24853515625, 0.10009765625, 0.19970703125, 0.10009765625, 0.19970703125, 0.14892578125, 0.24853515625, 0.14892578125], "K": [0.19873046875, 0.14990234375, 0.14990234375, 0.14990234375, 0.14990234375, 0.19873046875, 0.19873046875, 0.19873046875], "O": [0.14892578125, 0.19970703125, 0.10009765625, 0.19970703125, 0.10009765625, 0.24853515625, 0.14892578125, 0.24853515625], "S": [0.09912109375, 0.00048828125, 0.05029296875, 0.00048828125, 0.05029296875, 0.04931640625, 0.09912109375, 0.04931640625], "W": [0.04931640625, 0.05029296875, 0.00048828125, 0.05029296875, 0.00048828125, 0.09912109375, 0.04931640625, 0.09912109375], "[": [0.24853515625, 0.05029296875, 0.19970703125, 0.05029296875, 0.19970703125, 0.09912109375, 0.24853515625, 0.09912109375],