{"idxAdvPairs": {" ": [0, 0.20166793025018953], "$": [0, 0.434040940106141], "(": [0, 0.2687642153146323], ",": [0, 0.19408642911296436], "0": [0, 0.434040940106141], "4": [0, 0.434040940106141], "8": [0, 0.434040940106141], "<": [1, 0.434040940106141], "@": [1, 0.7149355572403335], "D": [1, 0.5629264594389689], "H": [1, 0.6156178923426838], "L": [1, 0.4836997725549659], "P": [1, 0.4814253222137983], "T": [2, 0.4757391963608794], "X": [2, 0.5125094768764216], "\\": [2, 0.2236542835481425], "`": [2, 0.4480667172100075], "d": [2, 0.4495830174374526], "h": [2, 0.4651250947687642], "l": [3, 0.23616376042456405], "p": [3, 0.4480667172100075], "t": [3, 0.2858225928733889], "x": [3, 0.42380591357088704], "|": [3, 0.434040940106141], "#": [0, 0.434040940106141], "'": [0, 0.1709628506444276], "+": [0, 0.434040940106141], "/": [0, 0.2236542835481425], "3": [0, 0.434040940106141], "7": [0, 0.434040940106141], ";": [1, 0.2221379833206975], "?": [1, 0.38817285822592873], "C": [1, 0.4867323730098559], "G": [1, 0.5542077331311599], "K": [1, 0.5435936315390447], "O": [1, 0.576194086429113], "S": [2, 0.422289613343442], "W": [2, 0.8112206216830933], "[": [2, 0.278620166793025], "_": [2, 0.35633055344958303], "c": [2, 0.37793783169067474], "g": [2, 0.43176648976497345], "k": [3, 0.4416224412433662], "o": [3, 0.44579226686884], "s": [3, 0.36012130401819564], "w": [3, 0.6357088703563306], "{": [3, 0.33244882486732374], "\"": [0, 0.3169067475360121], "&": [0, 0.576194086429113], "*": [0, 0.38817285822592873], ".": [0, 0.2221379833206975], "2": [0, 0.434040940106141], "6": [0, 0.434040940106141], ":": [1, 0.22289613343442], ">": [1, 0.434040940106141], "B": [1, 0.5075815011372251], "F": [1, 0.4579226686884003], "J": [1, 0.27710386656557995], "N": [1, 0.5924943138741471], "R": [2, 0.5022744503411676], "V": [2, 0.5238817285822592], "Z": [2, 0.4696739954510993], "^": [2, 0.434040940106141], "b": [2, 0.43631539044730855], "f": [2, 0.24677786201667928], "j": [2, 0.22592873388931006], "n": [3, 0.4651250947687642], "r": [3, 0.36315390447308565], "v": [3, 0.4177407126611069], "z": [3, 0.39689158453373763], "~": [3, 0.435557240333586], "!": [0, 0.2585291887793783], "%": [0, 0.6956027293404093], ")": [0, 0.2687642153146323], "-": [0, 0.24071266110689915], "1": [0, 0.434040940106141], "5": [0, 0.434040940106141], "9": [1, 0.434040940106141], "=": [1, 0.434040940106141], "A": [1, 0.5473843821076573], "E": [1, 0.4836997725549659], "I": [1, 0.2850644427596664], "M": [1, 0.7282031842304777], "Q": [1, 0.576194086429113], "U": [2, 0.5667172100075815], "Y": [2, 0.4852160727824109], "]": [2, 0.2793783169067475], "a": [2, 0.4495830174374526], "e": [2, 0.38286580742987114], "i": [2, 0.23616376042456405], "m": [3, 0.6956027293404093], "q": [3, 0.4347990902198635], "u": [3, 0.4651250947687642], "y": [3, 0.40978013646702044], "}": [3, 0.33244882486732374]}, "pivot": [-0.37414708112206213, -0.3134950720242608], "texCoords": {" ": [0.04931640625, 0.00048828125, 0.00048828125, 0.00048828125, 0.00048828125, 0.04931640625, 0.04931640625, 0.04931640625], "$": [0.24853515625, 0.00048828125, 0.19970703125, 0.00048828125, 0.19970703125, 0.04931640625, 0.24853515625, 0.04931640625], "(": [0.19873046875, 0.05029296875, 0.14990234375, 0.05029296875, 0.14990234375, 0.09912109375, 0.19873046875, 0.09912109375], ",": [0.14892578125, 0.10009765625, 0.10009765625, 0.10009765625, 0.10009765625, 0.14892578125, 0.14892578125, 0.14892578125], "0": [0.09912109375, 0.14990234375, 0.05029296875, 0.14990234375, 0.05029296875, 0.19873046875, 0.09912109375, 0.19873046875], "4": [0.04931640625, 0.19970703125, 0.00048828125, 0.19970703125, 0.00048828125, 0.24853515625, 0.04931640625, 0.24853515625], "8": [0.24853515625, 0.19970703125, 0.19970703125, 0.19970703125, 0.19970703125, 0.24853515625, 0.24853515625, 0.24853515625], "<": [0.19873046875, 0.00048828125, 0.14990234375, 0.00048828125, 0.14990234375, 0.04931640625, 0.19873046875, 0.04931640625], "@": [0.14892578125, 0.05029296875, 0.10009765625, 0.05029296875, 0.10009765625, 0.09912109375, 0.14892578125, 0.09912109375], "D": [0.09912109375, 0.10009765625, 0.05029296875, 0.10009765625, 0.05029296875, 0.14892578125, 0.09912109375, 0.14892578125], "H": [0.04931640625, 0.14990234375, 0.00048828125, 0.14990234375, 0.00048828125, 0.19873046875, 0.04931640625, 0.19873046875], "L": [0.24853515625, 0.14990234375, 0.19970703125, 0.14990234375, 0.19970703125, 0.19873046875, 0.24853515625, 0.19873046875], "P": [0.19873046875, 0.19970703125, 0.14990234375, 0.19970703125, 0.14990234375, 0.24853515625, 0.19873046875, 0.24853515625], "T": [0.14892578125, 0.00048828125, 0.10009765625, 0.00048828125, 0.10009765625, 0.04931640625, 0.14892578125, 0.04931640625], "X": [0.09912109375, 0.05029296875, 0.05029296875, 0.05029296875, 0.05029296875, 0.09912109375, 0.09912109375, 0.09912109375], "\\": [0.04931640625, 0.10009765625, 0.00048828125, 0.10009765625, 0.00048828125, 0.14892578125, 0.04931640625, 0.14892578125], "`": [0.24853515625, 0.10009765625, 0.19970703125, 0.10009765625, 0.19970703125, 0.14892578125, 0.24853515625, 0.14892578125], "d": [0.19873046875, 0.14990234375, 0.14990234375, 0.14990234375, 0.14990234375, 0.19873046875, 0.19873046875, 0.19873046875], "h": [0.14892578125, 0.19970703125, 0.10009765625, 0.19970703125, 0.10009765625, 0.24853515625, 0.14892578125, 0.24853515625], "l": [0.09912109375, 0.00048828125, 0.05029296875, 0.00048828125, 0.05029296875, 0.04931640625, 0.09912109375, 0.04931640625], "p": [0.04931640625, 0.05029296875, 0.00048828125, 0.05029296875, 0.00048828125, 0.09912109375, 0.04931640625, 0.09912109375], "t": [0.24853515625, 0.05029296875, 0.19970703125, 0.05029296875, 0.19970703125, 0.09912109375, 0.24853515625, 0.09912109375], "x": [0.19873046875, 0.10009765625, 0.14990234375, 0.10009765625, 0.14990234375, 0.14892578125, 0.19873046875, 0.14892578125], "|": [0.14892578125, 0.14990234375, 0.10009765625, 0.14990234375, 0.10009765625, 0.19873046875, 0.14892578125, 0.19873046875], "#": [0.19873046875, 0.00048828125, 0.14990234375, 0.00048828125, 0.14990234375, 0.04931640625, 0.19873046875, 0.04931640625], "'": [0.14892578125, 0.05029296875, 0.10009765625, 0.05029296875, 0.10009765625, 0.09912109375, 0.14892578125, 0.09912109375], "+": [0.09912109375, 0.10009765625, 0.05029296875, 0.10009765625, 0.05029296875, 0.14892578125, 0.09912109375, 0.14892578125], "/": [0.04931640625, 0.14990234375, 0.00048828125, 0.14990234375, 0.00048828125, 0.19873046875, 0.04931640625, 0.19873046875], "3": [0.24853515625, 0.14990234375, 0.19970703125, 0.14990234375, 0.19970703125, 0.19873046875, 0.24853515625, 0.19873046875], "7": [0.19873046875, 0.19970703125, 0.14990234375, 0.19970703125, 0.14990234375, 0.24853515625, 0.19873046875, 0.24853515625], ";": [0.14892578125, 0.00048828125, 0.10009765625, 0.00048828125, 0.10009765625, 0.04931640625, 0.14892578125, 0.04931640625], "?": [0.09912109375, 0.05029296875, 0.05029296875, 0.05029296875, 0.05029296875, 0.09912109375, 0.09912109375, 0.09912109375], "C": [0.04931640625, 0.10009765625, 0.00048828125, 0.10009765625, 0.00048828125, 0.14892578125, 0.04931640625, 0.14892578125], "G": [0.24853515625, 0.10009765625, 0.19970703125, 0.10009765625, 0.19970703125, 0.14892578125, 0.24853515625, 0.14892578125], "K": [0.19873046875, 0.14990234375, 0.14990234375, 0.14990234375, 0.14990234375, 0.19873046875, 0.19873046875, 0.19873046875], "O": [0.14892578125, 0.19970703125, 0.10009765625, 0.19970703125, 0.10009765625, 0.24853515625, 0.14892578125, 0.24853515625], "S": [0.09912109375, 0.00048828125, 0.05029296875, 0.00048828125, 0.05029296875, 0.04931640625, 0.09912109375, 0.04931640625], "W": [0.04931640625, 0.05029296875, 0.00048828125, 0.05029296875, 0.00048828125, 0.09912109375, 0.04931640625, 0.09912109375], "[": [0.24853515625, 0.05029296875, 0.19970703125, 0.05029296875, 0.19970703125, 0.09912109375, 0.24853515625, 0.09912109375],