{"idxAdvPairs": {" ": [0, 0.23442906574394462], "$": [0, 0.5190311418685121], "(": [0, 0.3044982698961938], ",": [0, 0.2145328719723183], "0": [0, 0.5190311418685121], "4": [0, 0.5190311418685121], "8": [0, 0.5190311418685121], "<": [1, 0.5190311418685121], "@": [1, 0.8079584775086505], "D": [1, 0.6522491349480969], "H": [1, 0.6626297577854671], "L": [1, 0.4801038062283737], "P": [1, 0.5709342560553633], "T": [2, 0.5302768166089965], "X": [2, 0.57439446366782], "\\": [2, 0.26989619377162627], "`": [2, 0.25951557093425603], "d": [2, 0.5198961937716262], "h": [2, 0.5060553633217992], "l": [3, 0.21972318339100344], "p": [3, 0.5198961937716262], "t": [3, 0.3192041522491349], "x": [3, 0.46020761245674735], "|": [3, 0.2413494809688581], "#": [0, 0.5190311418685121], "'": [0, 0.2093425605536332], "+": [0, 0.5190311418685121], "/": [0, 0.27076124567474047], "3": [0, 0.5190311418685121], "7": [0, 0.5190311418685121], ";": [1, 0.2145328719723183], "?": [1, 0.39705882352941174], "C": [1, 0.5865051903114186], "G": [1, 0.634083044982699], "K": [1, 0.5709342560553633], "O": [1, 0.6738754325259515], "S": [2, 0.5519031141868512], "W": [2, 0.9602076124567474], "[": [2, 0.3036332179930796], "_": [2, 0.4325259515570934], "c": [2, 0.42214532871972316], "g": [2, 0.523356401384083], "k": [3, 0.4636678200692041], "o": [3, 0.4974048442906574], "s": [3, 0.4195501730103806], "w": [3, 0.740484429065744], "{": [3, 0.3356401384083045], "\"": [0, 0.39013840830449825], "&": [0, 0.5891003460207611], "*": [0, 0.39100346020761245], ".": [0, 0.2145328719723183], "2": [0, 0.5198961937716262], "6": [0, 0.5190311418685121], ":": [1, 0.2145328719723183], ">": [1, 0.5190311418685121], "B": [1, 0.5908304498269896], "F": [1, 0.4896193771626297], "J": [1, 0.30968858131487886], "N": [1, 0.6461937716262974], "R": [2, 0.6012110726643598], "V": [2, 0.6176470588235293], "Z": [2, 0.5207612456747405], "^": [2, 0.5190311418685121], "b": [2, 0.5198961937716262], "f": [2, 0.30968858131487886], "j": [2, 0.21972318339100344], "n": [3, 0.5060553633217992], "r": [3, 0.33131487889273353], "v": [3, 0.45501730103806226], "z": [3, 0.4411764705882353], "~": [3, 0.5190311418685121], "!": [0, 0.2145328719723183], "%": [0, 0.8174740484429066], ")": [0, 0.3044982698961938], "-": [0, 0.3754325259515571], "1": [0, 0.5190311418685121], "5": [0, 0.5190311418685121], "9": [1, 0.5190311418685121], "=": [1, 0.5190311418685121], "A": [1, 0.6418685121107266], "E": [1, 0.509515570934256], "I": [1, 0.24307958477508648], "M": [1, 0.727508650519031], "Q": [1, 0.6738754325259515], "U": [2, 0.634083044982699], "Y": [2, 0.5389273356401384], "]": [2, 0.3036332179930796], "a": [2, 0.46712802768166084], "e": [2, 0.4593425605536332], "i": [2, 0.21972318339100344], "m": [3, 0.7551903114186851], "q": [3, 0.5198961937716262], "u": [3, 0.5008650519031141], "y": [3, 0.45501730103806226], "}": [3, 0.3356401384083045]}, "pivot": [-0.43079584775086505, -0.3373702422145328], "texCoords": {" ": [0.04931640625, 0.00048828125, 0.00048828125, 0.00048828125, 0.00048828125, 0.04931640625, 0.04931640625, 0.04931640625], "$": [0.24853515625, 0.00048828125, 0.19970703125, 0.00048828125, 0.19970703125, 0.04931640625, 0.24853515625, 0.04931640625], "(": [0.19873046875, 0.05029296875, 0.14990234375, 0.05029296875, 0.14990234375, 0.09912109375, 0.19873046875, 0.09912109375], ",": [0.14892578125, 0.10009765625, 0.10009765625, 0.10009765625, 0.10009765625, 0.14892578125, 0.14892578125, 0.14892578125], "0": [0.09912109375, 0.14990234375, 0.05029296875, 0.14990234375, 0.05029296875, 0.19873046875, 0.09912109375, 0.19873046875], "4": [0.04931640625, 0.19970703125, 0.00048828125, 0.19970703125, 0.00048828125, 0.24853515625, 0.04931640625, 0.24853515625], "8": [0.24853515625, 0.19970703125, 0.19970703125, 0.19970703125, 0.19970703125, 0.24853515625, 0.24853515625, 0.24853515625], "<": [0.19873046875, 0.00048828125, 0.14990234375, 0.00048828125, 0.14990234375, 0.04931640625, 0.19873046875, 0.04931640625], "@": [0.14892578125, 0.05029296875, 0.10009765625, 0.05029296875, 0.10009765625, 0.09912109375, 0.14892578125, 0.09912109375], "D": [0.09912109375, 0.10009765625, 0.05029296875, 0.10009765625, 0.05029296875, 0.14892578125, 0.09912109375, 0.14892578125], "H": [0.04931640625, 0.14990234375, 0.00048828125, 0.14990234375, 0.00048828125, 0.19873046875, 0.04931640625, 0.19873046875], "L": [0.24853515625, 0.14990234375, 0.19970703125, 0.14990234375, 0.19970703125, 0.19873046875, 0.24853515625, 0.19873046875], "P": [0.19873046875, 0.19970703125, 0.14990234375, 0.19970703125, 0.14990234375, 0.24853515625, 0.19873046875, 0.24853515625], "T": [0.14892578125, 0.00048828125, 0.10009765625, 0.00048828125, 0.10009765625, 0.04931640625, 0.14892578125, 0.04931640625], "X": [0.09912109375, 0.05029296875, 0.05029296875, 0.05029296875, 0.05029296875, 0.09912109375, 0.09912109375, 0.09912109375], "\\": [0.04931640625, 0.10009765625, 0.00048828125, 0.10009765625, 0.00048828125, 0.14892578125, 0.04931640625, 0.14892578125], "`": [0.24853515625, 0.10009765625, 0.19970703125, 0.10009765625, 0.19970703125, 0.14892578125, 0.24853515625, 0.14892578125], "d": [0.19873046875, 0.14990234375, 0.14990234375, 0.14990234375, 0.14990234375, 0.19873046875, 0.19873046875, 0.19873046875], "h": [0.14892578125, 0.19970703125, 0.10009765625, 0.19970703125, 0.10009765625, 0.24853515625, 0.14892578125, 0.24853515625], "l": [0.09912109375, 0.00048828125, 0.05029296875, 0.00048828125, 0.05029296875, 0.04931640625, 0.09912109375, 0.04931640625], "p": [0.04931640625, 0.05029296875, 0.00048828125, 0.05029296875, 0.00048828125, 0.09912109375, 0.04931640625, 0.09912109375], "t": [0.24853515625, 0.05029296875, 0.19970703125, 0.05029296875, 0.19970703125, 0.09912109375, 0.24853515625, 0.09912109375], "x": [0.19873046875, 0.10009765625, 0.14990234375, 0.10009765625, 0.14990234375, 0.14892578125, 0.19873046875, 0.14892578125], "|": [0.14892578125, 0.14990234375, 0.10009765625, 0.14990234375, 0.10009765625, 0.19873046875, 0.14892578125, 0.19873046875], "#": [0.19873046875, 0.00048828125, 0.14990234375, 0.00048828125, 0.14990234375, 0.04931640625, 0.19873046875, 0.04931640625], "'": [0.14892578125, 0.05029296875, 0.10009765625, 0.05029296875, 0.10009765625, 0.09912109375, 0.14892578125, 0.09912109375], "+": [0.09912109375, 0.10009765625, 0.05029296875, 0.10009765625, 0.05029296875, 0.14892578125, 0.09912109375, 0.14892578125], "/": [0.04931640625, 0.14990234375, 0.00048828125, 0.14990234375, 0.00048828125, 0.19873046875, 0.04931640625, 0.19873046875], "3": [0.24853515625, 0.14990234375, 0.19970703125, 0.14990234375, 0.19970703125, 0.19873046875, 0.24853515625, 0.19873046875], "7": [0.19873046875, 0.19970703125, 0.14990234375, 0.19970703125, 0.14990234375, 0.24853515625, 0.19873046875, 0.24853515625], ";": [0.14892578125, 0.00048828125, 0.10009765625, 0.00048828125, 0.10009765625, 0.04931640625, 0.14892578125, 0.04931640625], "?": [0.09912109375, 0.05029296875, 0.05029296875, 0.05029296875, 0.05029296875, 0.09912109375, 0.09912109375, 0.09912109375], "C": [0.04931640625, 0.10009765625, 0.00048828125, 0.10009765625, 0.00048828125, 0.14892578125, 0.04931640625, 0.14892578125], "G": [0.24853515625, 0.10009765625, 0.19970703125, 0.10009765625, 0.19970703125, 0.14892578125, 0.24853515625, 0.14892578125], "K": [0.19873046875, 0.14990234375, 0.14990234375, 0.14990234375, 0.14990234375, 0.19873046875, 0.19873046875, 0.19873046875], "O": [0.14892578125, 0.19970703125, 0.10009765625, 0.19970703125, 0.10009765625, 0.24853515625, 0.14892578125, 0.24853515625], "S": [0.09912109375, 0.00048828125, 0.05029296875, 0.00048828125, 0.05029296875, 0.04931640625, 0.09912109375, 0.04931640625], "W": [0.04931640625, 0.05029296875, 0.00048828125, 0.05029296875, 0.00048828125, 0.09912109375, 0.04931640625, 0.09912109375], "[": [0.24853515625, 0.05029296875, 0.19970703125, 0.05029296875, 0.19970703125, 0.09912109375, 0.24853515625, 0.09912109375],